#--------------------------#
#PLATO:: 'Box_ODE' app
#Database (path to): '/Users/ecisneros/Packages/plato-database/'
#Mixture:            'air5'
#Kinetics:           'air5'
#Transfer:           'TTv'
# t [s]  Y_N  Y_O  Y_N2  Y_NO  Y_O2  Th [K]  Tv [K]  rho [kg/m^3]  p [Pa]  n [1/m^3]  E [J/kg]
   1.001441268950E-05   5.091141149017E-09   2.366898677569E-08   7.670829435343E-01   1.074322366144E-07   2.329169202734E-01   1.000000000000E+04   5.000000000000E+02   6.939810430320E-03   2.000000053170E+04   1.448594141720E+23   6.906619813200E+06
   1.031785943870E-05   5.259198204839E-09   2.437042813384E-08   7.670829401981E-01   1.142187999612E-07   2.329169159534E-01   1.000000000000E+04   5.000000000000E+02   6.939810430320E-03   2.000000054780E+04   1.448594142880E+23   6.906619851510E+06
   1.052524843350E-05   5.374058349949E-09   2.484982149398E-08   7.670829378618E-01   1.189770941239E-07   2.329169129373E-01   1.000000000000E+04   5.000000000000E+02   6.939810430320E-03   2.000000055880E+04   1.448594143680E+23   6.906619878060E+06
   1.084417401660E-05   5.550691137465E-09   2.558703981916E-08   7.670829341809E-01   1.264846848346E-07   2.329169081967E-01   1.000000000000E+04   5.000000000000E+02   6.939810430320E-03   2.000000057570E+04   1.448594144910E+23   6.906619919470E+06
   1.106214193440E-05   5.671409355732E-09   2.609088812717E-08   7.670829316029E-01   1.317483252931E-07   2.329169048865E-01   1.000000000000E+04   5.000000000000E+02   6.939810430320E-03   2.000000058730E+04   1.448594145750E+23   6.906619948170E+06
   1.139733592750E-05   5.857050695010E-09   2.686571368073E-08   7.670829275409E-01   1.400529457594E-07   2.329168996833E-01   1.000000000000E+04   5.000000000000E+02   6.939810430320E-03   2.000000060510E+04   1.448594147030E+23   6.906619992950E+06
   1.162642239970E-05   5.983929206911E-09   2.739526047190E-08   7.670829246962E-01   1.458751807752E-07   2.329168960495E-01   1.000000000000E+04   5.000000000000E+02   6.939810430320E-03   2.000000061720E+04   1.448594147920E+23   6.906620024000E+06
   1.197871465520E-05   6.179046561997E-09   2.820960246741E-08   7.670829202136E-01   1.550607944379E-07   2.329168903370E-01   1.000000000000E+04   5.000000000000E+02   6.939810430320E-03   2.000000063600E+04   1.448594149270E+23   6.906620072460E+06
   1.221948683980E-05   6.312398222849E-09   2.876616020918E-08   7.670829170744E-01   1.615004711771E-07   2.329168863466E-01   1.000000000000E+04   5.000000000000E+02   6.939810430320E-03   2.000000064870E+04   1.448594150200E+23   6.906620106070E+06
   1.258974954090E-05   6.517467863740E-09   2.962204254682E-08   7.670829121268E-01   1.716598821301E-07   2.329168800738E-01   1.000000000000E+04   5.000000000000E+02   6.939810430320E-03   2.000000066840E+04   1.448594151620E+23   6.906620158530E+06
   1.284280352670E-05   6.657621336888E-09   3.020699082855E-08   7.670829086617E-01   1.787820251813E-07   2.329168756917E-01   1.000000000000E+04   5.000000000000E+02   6.939810430320E-03   2.000000068180E+04   1.448594152590E+23   6.906620194930E+06
   1.323195334670E-05   6.873150861178E-09   3.110653255809E-08   7.670829032011E-01   1.900177660176E-07   2.329168688015E-01   1.000000000000E+04   5.000000000000E+02   6.939810430320E-03   2.000000070250E+04   1.448594154090E+23   6.906620251770E+06
   1.349791562910E-05   7.020453059089E-09   3.172131963524E-08   7.670828993779E-01   1.978942219610E-07   2.329168639861E-01   1.000000000000E+04   5.000000000000E+02   6.939810430320E-03   2.000000071660E+04   1.448594155110E+23   6.906620291220E+06
   1.376922375330E-05   7.170715815261E-09   3.234846416671E-08   7.670828953992E-01   2.060941832536E-07   2.329168589874E-01   1.000000000000E+04   5.000000000000E+02   6.939810430320E-03   2.000000073100E+04   1.448594156150E+23   6.906620331960E+06
   1.418644503260E-05   7.401791475524E-09   3.331289591615E-08   7.670828891300E-01   2.190297405846E-07   2.329168511256E-01   1.000000000000E+04   5.000000000000E+02   6.939810430320E-03   2.000000075320E+04   1.448594157760E+23   6.906620395610E+06
   1.447159259780E-05   7.559718555127E-09   3.397203175863E-08   7.670828847399E-01   2.280974405448E-07   2.329168456309E-01   1.000000000000E+04   5.000000000000E+02   6.939810430320E-03   2.000000076830E+04   1.448594158860E+23   6.906620439800E+06
   1.491009635540E-05   7.802580470391E-09   3.498566022420E-08   7.670828778191E-01   2.424014774456E-07   2.329168369912E-01   1.000000000000E+04   5.000000000000E+02   6.939810430320E-03   2.000000079160E+04   1.448594160540E+23   6.906620508850E+06
   1.520978931230E-05   7.968562769471E-09   3.567841932272E-08   7.670828729729E-01   2.524282027418E-07   2.329168309519E-01   1.000000000000E+04   5.000000000000E+02   6.939810430320E-03   2.000000080750E+04   1.448594161690E+23   6.906620556810E+06
   1.567066116850E-05   8.223812060300E-09   3.674375413663E-08   7.670828653345E-01   2.682446644423E-07   2.329168214533E-01   1.000000000000E+04   5.000000000000E+02   6.939810430320E-03   2.000000083200E+04   1.448594163470E+23   6.906620631760E+06
   1.598564147810E-05   8.398260408113E-09   3.747185168876E-08   7.670828599850E-01   2.793312779571E-07   2.329168148136E-01   1.000000000000E+04   5.000000000000E+02   6.939810430320E-03   2.000000084870E+04   1.448594164680E+23   6.906620683830E+06
   1.647002243080E-05   8.666528848162E-09   3.859153051046E-08   7.670828515535E-01   2.968192089227E-07   2.329168043692E-01   1.000000000000E+04   5.000000000000E+02   6.939810430320E-03   2.000000087440E+04   1.448594166540E+23   6.906620765240E+06
   1.680106990180E-05   8.849875023279E-09   3.935676921377E-08   7.670828456481E-01   3.090771529392E-07   2.329167970681E-01   1.000000000000E+04   5.000000000000E+02   6.939810430320E-03   2.000000089200E+04   1.448594167810E+23   6.906620821820E+06
   1.731015915120E-05   9.131826601750E-09   4.053356426197E-08   7.670828363404E-01   3.284122785935E-07   2.329167855819E-01   1.000000000000E+04   5.000000000000E+02   6.939810430320E-03   2.000000091900E+04   1.448594169770E+23   6.906620910290E+06
   1.765809337020E-05   9.324524400031E-09   4.133783877840E-08   7.670828298222E-01   3.419646830104E-07   2.329167775508E-01   1.000000000000E+04   5.000000000000E+02   6.939810430320E-03   2.000000093750E+04   1.448594171110E+23   6.906620971780E+06
   1.801302106710E-05   9.521095054558E-09   4.215827961331E-08   7.670828230397E-01   3.560721962262E-07   2.329167692087E-01   1.000000000000E+04   5.000000000000E+02   6.939810430320E-03   2.000000095630E+04   1.448594172470E+23   6.906621035370E+06
   1.855883364870E-05   9.823383320594E-09   4.341996534376E-08   7.670828123502E-01   3.783240635990E-07   2.329167560824E-01   1.000000000000E+04   5.000000000000E+02   6.939810430320E-03   2.000000098530E+04   1.448594174570E+23   6.906621134860E+06
   1.893186622520E-05   1.002998004893E-08   4.428225799704E-08   7.670828048640E-01   3.939204092962E-07   2.329167469034E-01   1.000000000000E+04   5.000000000000E+02   6.939810430320E-03   2.000000100510E+04   1.448594176010E+23   6.906621204030E+06
   1.950552073400E-05   1.034768646974E-08   4.560830409869E-08   7.670827930629E-01   4.185201128482E-07   2.329167324610E-01   1.000000000000E+04   5.000000000000E+02   6.939810430320E-03   2.000000103560E+04   1.448594178210E+23   6.906621312280E+06
   1.989758172080E-05   1.056482425689E-08   4.651457923973E-08   7.670827847979E-01   4.357616984010E-07   2.329167223610E-01   1.000000000000E+04   5.000000000000E+02   6.939810430320E-03   2.000000105640E+04   1.448594179720E+23   6.906621387570E+06
   2.050049837480E-05   1.089874294286E-08   4.790825974216E-08   7.670827717700E-01   4.629558534875E-07   2.329167064672E-01   1.000000000000E+04   5.000000000000E+02   6.939810430320E-03   2.000000108840E+04   1.448594182040E+23   6.906621505420E+06
   2.091255841230E-05   1.112695777254E-08   4.886076292932E-08   7.670827626445E-01   4.820155045666E-07   2.329166953522E-01   1.000000000000E+04   5.000000000000E+02   6.939810430320E-03   2.000000111030E+04   1.448594183620E+23   6.906621587410E+06
   2.154622987500E-05   1.147790953938E-08   5.032553511578E-08   7.670827482607E-01   5.120766344683E-07   2.329166778592E-01   1.000000000000E+04   5.000000000000E+02   6.939810430320E-03   2.000000114390E+04   1.448594186060E+23   6.906621715780E+06
   2.197930911560E-05   1.171776552927E-08   5.132662551847E-08   7.670827381864E-01   5.331452899320E-07   2.329166656239E-01   1.000000000000E+04   5.000000000000E+02   6.939810430320E-03   2.000000116690E+04   1.448594187730E+23   6.906621805100E+06
   2.264530419140E-05   1.208661922195E-08   5.286611577638E-08   7.670827223064E-01   5.663744589579E-07   2.329166463664E-01   1.000000000000E+04   5.000000000000E+02   6.939810430320E-03   2.000000120220E+04   1.448594190290E+23   6.906621944990E+06
   2.310047482580E-05   1.233871017887E-08   5.391827182882E-08   7.670827111832E-01   5.896630673667E-07   2.329166328968E-01   1.000000000000E+04   5.000000000000E+02   6.939810430320E-03   2.000000122640E+04   1.448594192040E+23   6.906622042360E+06
   2.380044234380E-05   1.272637896075E-08   5.553629152733E-08   7.670826936505E-01   6.263928947062E-07   2.329166116940E-01   1.000000000000E+04   5.000000000000E+02   6.939810430320E-03   2.000000126360E+04   1.448594194730E+23   6.906622194890E+06
   2.427883125500E-05   1.299132898058E-08   5.664211808885E-08   7.670826813688E-01   6.521345133900E-07   2.329165968632E-01   1.000000000000E+04   5.000000000000E+02   6.939810430320E-03   2.000000128900E+04   1.448594196570E+23   6.906622301070E+06
   2.476683578330E-05   1.326160444957E-08   5.777017175365E-08   7.670826685917E-01   6.789279799993E-07   2.329165814485E-01   1.000000000000E+04   5.000000000000E+02   6.939810430320E-03   2.000000131490E+04   1.448594198440E+23   6.906622411020E+06
   2.551729570470E-05   1.367723760670E-08   5.950490781781E-08   7.670826484508E-01   7.211845874591E-07   2.329165571825E-01   1.000000000000E+04   5.000000000000E+02   6.939810430320E-03   2.000000135470E+04   1.448594201330E+23   6.906622583300E+06
   2.603019336840E-05   1.396129971513E-08   6.069050352896E-08   7.670826343431E-01   7.507989407661E-07   2.329165402061E-01   1.000000000000E+04   5.000000000000E+02   6.939810430320E-03   2.000000138190E+04   1.448594203300E+23   6.906622703280E+06
   2.681893428800E-05   1.439813414207E-08   6.251372852330E-08   7.670826121043E-01   7.975037394154E-07   2.329165134801E-01   1.000000000000E+04   5.000000000000E+02   6.939810430320E-03   2.000000142380E+04   1.448594206340E+23   6.906622891330E+06
   2.735799488730E-05   1.469668613398E-08   6.375980150072E-08   7.670825965267E-01   8.302350093187E-07   2.329164947818E-01   1.000000000000E+04   5.000000000000E+02   6.939810430320E-03   2.000000145240E+04   1.448594208410E+23   6.906623022320E+06
   2.818696952070E-05   1.515580160697E-08   6.567603197470E-08   7.670825719720E-01   8.818548511578E-07   2.329164653413E-01   1.000000000000E+04   5.000000000000E+02   6.939810430320E-03   2.000000149650E+04   1.448594211600E+23   6.906623227670E+06
   2.875352762810E-05   1.546958369883E-08   6.698566537421E-08   7.670825547723E-01   9.180300294962E-07   2.329164447424E-01   1.000000000000E+04   5.000000000000E+02   6.939810430320E-03   2.000000152650E+04   1.448594213770E+23   6.906623370740E+06
   2.962478829910E-05   1.595212191464E-08   6.899963715318E-08   7.670825276591E-01   9.750803316790E-07   2.329164123088E-01   1.000000000000E+04   5.000000000000E+02   6.939810430320E-03   2.000000157280E+04   1.448594217120E+23   6.906623595080E+06
   3.022024656400E-05   1.628190991512E-08   7.037607491934E-08   7.670825086663E-01   1.015060781108E-06   2.329163896149E-01   1.000000000000E+04   5.000000000000E+02   6.939810430320E-03   2.000000160440E+04   1.448594219410E+23   6.906623751420E+06
   3.113595028540E-05   1.678906225157E-08   7.249277929584E-08   7.670824787274E-01   1.078111403184E-06   2.329163538794E-01   1.000000000000E+04   5.000000000000E+02   6.939810430320E-03   2.000000165300E+04   1.448594222940E+23   6.906623996610E+06
   3.176178290630E-05   1.713567265088E-08   7.393942904421E-08   7.670824577548E-01   1.122296285260E-06   2.329163288738E-01   1.000000000000E+04   5.000000000000E+02   6.939810430320E-03   2.000000168620E+04   1.448594225340E+23   6.906624167510E+06
   3.240019476280E-05   1.748924988822E-08   7.541515635668E-08   7.670824359348E-01   1.168283929628E-06   2.329163028769E-01   1.000000000000E+04   5.000000000000E+02   6.939810430320E-03   2.000000172010E+04   1.448594227800E+23   6.906624344630E+06
   3.338195309460E-05   1.803298567154E-08   7.768454943169E-08   7.670824015376E-01   1.240806892183E-06   2.329162619380E-01   1.000000000000E+04   5.000000000000E+02   6.939810430320E-03   2.000000177230E+04   1.448594231570E+23   6.906624622500E+06
   3.405293037190E-05   1.840459885379E-08   7.923555334921E-08   7.670823774427E-01   1.291629008773E-06   2.329162332881E-01   1.000000000000E+04   5.000000000000E+02   6.939810430320E-03   2.000000180790E+04   1.448594234150E+23   6.906624816230E+06
   3.508476824540E-05   1.897607059370E-08   8.162070770608E-08   7.670823394592E-01   1.371775071616E-06   2.329161881690E-01   1.000000000000E+04   5.000000000000E+02   6.939810430320E-03   2.000000186270E+04   1.448594238120E+23   6.906625120210E+06
   3.578997210720E-05   1.936663978995E-08   8.325082796075E-08   7.670823128518E-01   1.427938630913E-06   2.329161565921E-01   1.000000000000E+04   5.000000000000E+02   6.939810430320E-03   2.000000190010E+04   1.448594240830E+23   6.906625332190E+06
   3.687444408240E-05   1.996726153231E-08   8.575764897426E-08   7.670822709074E-01   1.516507086761E-06   2.329161068606E-01   1.000000000000E+04   5.000000000000E+02   6.939810430320E-03   2.000000195770E+04   1.448594245000E+23   6.906625664870E+06
   3.761562042850E-05   2.037775304294E-08   8.747092163758E-08   7.670822415252E-01   1.578572106626E-06   2.329160720540E-01   1.000000000000E+04   5.000000000000E+02   6.939810430320E-03   2.000000199700E+04   1.448594247850E+23   6.906625896910E+06
   3.875541137340E-05   2.100901231815E-08   9.010561493671E-08   7.670821952069E-01   1.676446064265E-06   2.329160172324E-01   1.000000000000E+04   5.000000000000E+02   6.939810430320E-03   2.000000205750E+04   1.448594252230E+23   6.906626261130E+06
   3.953439516210E-05   2.144044291479E-08   9.190628111078E-08   7.670821627606E-01   1.745031303339E-06   2.329159788614E-01   1.000000000000E+04   5.000000000000E+02   6.939810430320E-03   2.000000209890E+04   1.448594255230E+23   6.906626515210E+06
   4.073232690020E-05   2.210390263018E-08   9.467536918993E-08   7.670821116108E-01   1.853186319676E-06   2.329159184236E-01   1.000000000000E+04   5.000000000000E+02   6.939810430320E-03   2.000000216250E+04   1.448594259840E+23   6.906626914110E+06
   4.155104669100E-05   2.255734046308E-08   9.656788663122E-08   7.670820757788E-01   1.928975299188E-06   2.329158761207E-01   1.000000000000E+04   5.000000000000E+02   6.939810430320E-03   2.000000220600E+04   1.448594262980E+23   6.906627192430E+06
   4.281008498710E-05   2.325464324456E-08   9.947822466020E-08   7.670820192937E-01   2.048489094153E-06   2.329158094844E-01   1.000000000000E+04   5.000000000000E+02   6.939810430320E-03   2.000000227280E+04   1.448594267830E+23   6.906627629460E+06
   4.367056771550E-05   2.373121096469E-08   1.014672784751E-07   7.670819797240E-01   2.132236915052E-06   2.329157628406E-01   1.000000000000E+04   5.000000000000E+02   6.939810430320E-03   2.000000231850E+04   1.448594271130E+23   6.906627934440E+06
   4.454834614660E-05   2.421735771675E-08   1.034963117893E-07   7.670819385516E-01   2.219397143725E-06   2.329157143376E-01   1.000000000000E+04   5.000000000000E+02   6.939810430320E-03   2.000000236510E+04   1.448594274510E+23   6.906628250810E+06
   4.589820561350E-05   2.496496079370E-08   1.066165854732E-07   7.670818736454E-01   2.356840901911E-06   2.329156379321E-01   1.000000000000E+04   5.000000000000E+02   6.939810430320E-03   2.000000243670E+04   1.448594279700E+23   6.906628747700E+06
   4.682075956650E-05   2.547590603098E-08   1.087491184371E-07   7.670818281772E-01   2.453151779735E-06   2.329155844460E-01   1.000000000000E+04   5.000000000000E+02   6.939810430320E-03   2.000000248570E+04   1.448594283250E+23   6.906629094530E+06
   4.823947543240E-05   2.626164462757E-08   1.120285550159E-07   7.670817564981E-01   2.605024029472E-06   2.329155001877E-01   1.000000000000E+04   5.000000000000E+02   6.939810430320E-03   2.000000256100E+04   1.448594288700E+23   6.906629639340E+06
   4.920908890870E-05   2.679865342983E-08   1.142698667893E-07   7.670817062844E-01   2.711444524748E-06   2.329154412025E-01   1.000000000000E+04   5.000000000000E+02   6.939810430320E-03   2.000000261250E+04   1.448594292430E+23   6.906630019670E+06
   5.070017354200E-05   2.762447186195E-08   1.177165859783E-07   7.670816271240E-01   2.879257239525E-06   2.329153482777E-01   1.000000000000E+04   5.000000000000E+02   6.939810430320E-03   2.000000269170E+04   1.448594298170E+23   6.906630617220E+06
   5.171924705030E-05   2.818887230605E-08   1.200722268294E-07   7.670815716694E-01   2.996846679756E-06   2.329152832228E-01   1.000000000000E+04   5.000000000000E+02   6.939810430320E-03   2.000000274580E+04   1.448594302080E+23   6.906631034430E+06
   5.328639198550E-05   2.905681466894E-08   1.236947617425E-07   7.670814842471E-01   3.182270161707E-06   2.329151807312E-01   1.000000000000E+04   5.000000000000E+02   6.939810430320E-03   2.000000282900E+04   1.448594308110E+23   6.906631690000E+06
   5.435744848450E-05   2.965000489862E-08   1.261705622046E-07   7.670814230034E-01   3.312198863573E-06   2.329151089772E-01   1.000000000000E+04   5.000000000000E+02   6.939810430320E-03   2.000000288580E+04   1.448594312230E+23   6.906632147790E+06
   5.600453356130E-05   3.056222055878E-08   1.299778799443E-07   7.670813264543E-01   3.517078325701E-06   2.329149959273E-01   1.000000000000E+04   5.000000000000E+02   6.939810430320E-03   2.000000297330E+04   1.448594318560E+23   6.906632867240E+06
   5.713022470600E-05   3.118566911233E-08   1.325799690319E-07   7.670812588172E-01   3.660639102595E-06   2.329149167781E-01   1.000000000000E+04   5.000000000000E+02   6.939810430320E-03   2.000000303310E+04   1.448594322890E+23   6.906633369710E+06
   5.827854224270E-05   3.182164883902E-08   1.352343591853E-07   7.670811884397E-01   3.810044554430E-06   2.329148344598E-01   1.000000000000E+04   5.000000000000E+02   6.939810430320E-03   2.000000309400E+04   1.448594327310E+23   6.906633891280E+06
   6.004444038150E-05   3.279966672847E-08   1.393163141458E-07   7.670810774893E-01   4.045633931547E-06   2.329147047608E-01   1.000000000000E+04   5.000000000000E+02   6.939810430320E-03   2.000000318780E+04   1.448594334100E+23   6.906634711110E+06
   6.125133365330E-05   3.346808742638E-08   1.421061022255E-07   7.670809997630E-01   4.210711905736E-06   2.329146139509E-01   1.000000000000E+04   5.000000000000E+02   6.939810430320E-03   2.000000325180E+04   1.448594338740E+23   6.906635283790E+06
   6.310731034460E-05   3.449599345016E-08   1.463962735839E-07   7.670808772277E-01   4.471012795208E-06   2.329144708672E-01   1.000000000000E+04   5.000000000000E+02   6.939810430320E-03   2.000000335040E+04   1.448594345870E+23   6.906636184090E+06
   6.437576730260E-05   3.519850973344E-08   1.493283660092E-07   7.670807913860E-01   4.653405032200E-06   2.329143706821E-01   1.000000000000E+04   5.000000000000E+02   6.939810430320E-03   2.000000341770E+04   1.448594350750E+23   6.906636813050E+06
   6.632641745790E-05   3.627884796450E-08   1.538373751397E-07   7.670806560544E-01   4.941005874245E-06   2.329142128235E-01   1.000000000000E+04   5.000000000000E+02   6.939810430320E-03   2.000000352130E+04   1.448594358250E+23   6.906637801950E+06
   6.765957846890E-05   3.701719875476E-08   1.569190306856E-07   7.670805612477E-01   5.142525962236E-06   2.329141022901E-01   1.000000000000E+04   5.000000000000E+02   6.939810430320E-03   2.000000359210E+04   1.448594363380E+23   6.906638492900E+06
   6.970973138640E-05   3.815264391110E-08   1.616580392370E-07   7.670804117829E-01   5.460286327358E-06   2.329139281200E-01   1.000000000000E+04   5.000000000000E+02   6.939810430320E-03   2.000000370090E+04   1.448594371260E+23   6.906639579390E+06
   7.111089700740E-05   3.892865715517E-08   1.648968863332E-07   7.670803070742E-01   5.682937763516E-06   2.329138061625E-01   1.000000000000E+04   5.000000000000E+02   6.939810430320E-03   2.000000377530E+04   1.448594376650E+23   6.906640338620E+06
   7.326562832790E-05   4.012202002775E-08   1.698776257134E-07   7.670801419988E-01   6.034016489078E-06   2.329136139851E-01   1.000000000000E+04   5.000000000000E+02   6.939810430320E-03   2.000000388970E+04   1.448594384940E+23   6.906641532600E+06
   7.473826747740E-05   4.093761673328E-08   1.732816820798E-07   7.670800263530E-01   6.280012456328E-06   2.329134794152E-01   1.000000000000E+04   5.000000000000E+02   6.939810430320E-03   2.000000396790E+04   1.448594390600E+23   6.906642367050E+06
   7.700291175060E-05   4.219185145413E-08   1.785164819734E-07   7.670798440347E-01   6.667899026773E-06   2.329132673579E-01   1.000000000000E+04   5.000000000000E+02   6.939810430320E-03   2.000000408810E+04   1.448594399310E+23   6.906643679460E+06
   7.855067029680E-05   4.304905070333E-08   1.820941742104E-07   7.670797163094E-01   6.939684244470E-06   2.329131188631E-01   1.000000000000E+04   5.000000000000E+02   6.939810430320E-03   2.000000417030E+04   1.448594405260E+23   6.906644596780E+06
   8.012953878990E-05   4.392347909437E-08   1.857437757796E-07   7.670795834058E-01   7.222526252538E-06   2.329129644007E-01   1.000000000000E+04   5.000000000000E+02   6.939810430320E-03   2.000000425410E+04   1.448594411330E+23   6.906645549560E+06
   8.255754397510E-05   4.526818582763E-08   1.913561775051E-07   7.670793738788E-01   7.668508537109E-06   2.329127209883E-01   1.000000000000E+04   5.000000000000E+02   6.939810430320E-03   2.000000438300E+04   1.448594420670E+23   6.906647048310E+06
   8.421695062910E-05   4.618721745679E-08   1.951919389906E-07   7.670792270907E-01   7.980998388681E-06   2.329125505318E-01   1.000000000000E+04   5.000000000000E+02   6.939810430320E-03   2.000000447110E+04   1.448594427050E+23   6.906648096020E+06
   8.676880848040E-05   4.760051547160E-08   2.010906191875E-07   7.670789956740E-01   8.473726799153E-06   2.329122819081E-01   1.000000000000E+04   5.000000000000E+02   6.939810430320E-03   2.000000460660E+04   1.448594436860E+23   6.906649744270E+06
   8.851286155090E-05   4.856642530556E-08   2.051220355677E-07   7.670788335503E-01   8.818969066328E-06   2.329120937921E-01   1.000000000000E+04   5.000000000000E+02   6.939810430320E-03   2.000000469910E+04   1.448594443570E+23   6.906650896590E+06
   9.119488979910E-05   5.005181305100E-08   2.113215956176E-07   7.670785779551E-01   9.363338493225E-06   2.329117973330E-01   1.000000000000E+04   5.000000000000E+02   6.939810430320E-03   2.000000484150E+04   1.448594453880E+23   6.906652709600E+06
   9.302790710420E-05   5.106699207333E-08   2.155586460419E-07   7.670783988933E-01   9.744762576651E-06   2.329115897185E-01   1.000000000000E+04   5.000000000000E+02   6.939810430320E-03   2.000000493880E+04   1.448594460930E+23   6.906653977230E+06
   9.584674574760E-05   5.262814641666E-08   2.220744318779E-07   7.670781165929E-01   1.034617992652E-05   2.329112625246E-01   1.000000000000E+04   5.000000000000E+02   6.939810430320E-03   2.000000508850E+04   1.448594471770E+23   6.906655971840E+06
   9.777326535730E-05   5.369510753637E-08   2.265276043337E-07   7.670779188203E-01   1.076757416132E-05   2.329110333829E-01   1.000000000000E+04   5.000000000000E+02   6.939810430320E-03   2.000000519080E+04   1.448594479170E+23   6.906657366570E+06
   1.007358931010E-04   5.533589282761E-08   2.333757443554E-07   7.670776070227E-01   1.143201250525E-05   2.329106722531E-01   1.000000000000E+04   5.000000000000E+02   6.939810430320E-03   2.000000534810E+04   1.448594490570E+23   6.906659561370E+06
   1.027358931010E-04   5.644354691615E-08   2.379987559931E-07   7.670773912862E-01   1.189180536431E-05   2.329104224661E-01   1.000000000000E+04   5.000000000000E+02   6.939810430320E-03   2.000000545420E+04   1.448594498260E+23   6.906661077260E+06
   1.057358931010E-04   5.810502604185E-08   2.449332642764E-07   7.670770597463E-01   1.259849091315E-05   2.329100387245E-01   1.000000000000E+04   5.000000000000E+02   6.939810430320E-03   2.000000561350E+04   1.448594509790E+23   6.906663402830E+06
   1.077358931010E-04   5.921267742932E-08   2.495562635412E-07   7.670768334312E-01   1.308094537783E-05   2.329097768545E-01   1.000000000000E+04   5.000000000000E+02   6.939810430320E-03   2.000000571970E+04   1.448594517480E+23   6.906664987690E+06
   1.107358931010E-04   6.087415242825E-08   2.564907528096E-07   7.670764860245E-01   1.382162309070E-05   2.329093749875E-01   1.000000000000E+04   5.000000000000E+02   6.939810430320E-03   2.000000587890E+04   1.448594529020E+23   6.906667416730E+06
   1.137358931010E-04   6.253562472847E-08   2.634252302849E-07   7.670761290970E-01   1.458269584938E-05   2.329089622463E-01   1.000000000000E+04   5.000000000000E+02   6.939810430320E-03   2.000000603820E+04   1.448594540550E+23   6.906669907840E+06
   1.157358931010E-04   6.364327136632E-08   2.680482085697E-07   7.670758858571E-01   1.510140817263E-05   2.329086810432E-01   1.000000000000E+04   5.000000000000E+02   6.939810430320E-03   2.000000614440E+04   1.448594548240E+23   6.906671603070E+06
   1.187358931010E-04   6.530473900472E-08   2.749826656846E-07   7.670755130626E-01   1.589647224018E-05   2.329082501777E-01   1.000000000000E+04   5.000000000000E+02   6.939810430320E-03   2.000000630370E+04   1.448594559780E+23   6.906674197640E+06
   1.217358931010E-04   6.696620379851E-08   2.819171101444E-07   7.670751307492E-01   1.671193082343E-05   2.329078084366E-01   1.000000000000E+04   5.000000000000E+02   6.939810430320E-03   2.000000646290E+04   1.448594571320E+23   6.906676854290E+06
   1.247358931010E-04   6.862766567750E-08   2.888515416326E-07   7.670747389148E-01   1.754778370927E-05   2.329073558223E-01   1.000000000000E+04   5.000000000000E+02   6.939810430320E-03   2.000000662220E+04   1.448594582850E+23   6.906679573020E+06
   1.277358931010E-04   7.028912457437E-08   2.957859598348E-07   7.670743375612E-01   1.840403067721E-05   2.329068923331E-01   1.000000000000E+04   5.000000000000E+02   6.939810430320E-03   2.000000678140E+04   1.448594594390E+23   6.906682353830E+06
   1.307358931010E-04   7.195058042262E-08   3.027203644382E-07   7.670739266875E-01   1.928067149956E-05   2.329064179701E-01   1.000000000000E+04   5.000000000000E+02   6.939810430320E-03   2.000000694070E+04   1.448594605920E+23   6.906685196710E+06
   1.347358931010E-04   7.416585008280E-08   3.119662153026E-07   7.670733640473E-01   2.048124939960E-05   2.329057685713E-01   1.000000000000E+04   5.000000000000E+02   6.939810430320E-03   2.000000715310E+04   1.448594621300E+23   6.906689083770E+06
   1.377358931010E-04   7.582729865542E-08   3.189005865308E-07   7.670729309614E-01   2.140547513788E-05   2.329052688356E-01   1.000000000000E+04   5.000000000000E+02   6.939810430320E-03   2.000000731230E+04   1.448594632840E+23   6.906692071490E+06
   1.407358931010E-04   7.748874400843E-08   3.258349429341E-07   7.670724883553E-01   2.235009399787E-05   2.329047582270E-01   1.000000000000E+04   5.000000000000E+02   6.939810430320E-03   2.000000747160E+04   1.448594644370E+23   6.906695121290E+06
   1.447358931010E-04   7.970399938067E-08   3.350807278136E-07   7.670718834069E-01   2.364130802307E-05   2.329040605003E-01   1.000000000000E+04   5.000000000000E+02   6.939810430320E-03   2.000000768390E+04   1.448594659750E+23   6.906699284230E+06
   1.477358931010E-04   8.136543702222E-08   3.420150482758E-07   7.670714185902E-01   2.463350987590E-05   2.329035245195E-01   1.000000000000E+04   5.000000000000E+02   6.939810430320E-03   2.000000784320E+04   1.448594671290E+23   6.906702478860E+06
   1.517358931010E-04   8.358068193899E-08   3.512607839608E-07   7.670707840264E-01   2.598816696842E-05   2.329027929652E-01   1.000000000000E+04   5.000000000000E+02   6.939810430320E-03   2.000000805550E+04   1.448594686670E+23   6.906706834920E+06
   1.557358931010E-04   8.579591994022E-08   3.605064911919E-07   7.670701325404E-01   2.737907649742E-05   2.329020420807E-01   1.000000000000E+04   5.000000000000E+02   6.939810430320E-03   2.000000826790E+04   1.448594702050E+23   6.906711301320E+06
   1.597358931010E-04   8.801115093728E-08   3.697521691170E-07   7.670694641322E-01   2.880623781522E-05   2.329012718667E-01   1.000000000000E+04   5.000000000000E+02   6.939810430320E-03   2.000000848020E+04   1.448594717430E+23   6.906715878060E+06
   1.637358931010E-04   9.022637475569E-08   3.789978169684E-07   7.670687788019E-01   3.026965026758E-05   2.329004823237E-01   1.000000000000E+04   5.000000000000E+02   6.939810430320E-03   2.000000869260E+04   1.448594732810E+23   6.906720565150E+06
   1.677358931010E-04   9.244159109166E-08   3.882434341140E-07   7.670680765508E-01   3.176931320076E-05   2.328996734510E-01   1.000000000000E+04   5.000000000000E+02   6.939810430320E-03   2.000000890490E+04   1.448594748190E+23   6.906725362580E+06
   1.717358931010E-04   9.465679962552E-08   3.974890199355E-07   7.670673573780E-01   3.330522594492E-05   2.328988452502E-01   1.000000000000E+04   5.000000000000E+02   6.939810430320E-03   2.000000911730E+04   1.448594763570E+23   6.906730270340E+06
   1.757358931010E-04   9.687200162747E-08   4.067345720095E-07   7.670666212838E-01   3.487738783456E-05   2.328979977218E-01   1.000000000000E+04   5.000000000000E+02   6.939810430320E-03   2.000000932960E+04   1.448594778950E+23   6.906735288440E+06
   1.797358931010E-04   9.908719694272E-08   4.159800895318E-07   7.670658682698E-01   3.648579817029E-05   2.328971308647E-01   1.000000000000E+04   5.000000000000E+02   6.939810430320E-03   2.000000954200E+04   1.448594794330E+23   6.906740416880E+06
   1.847358931010E-04   1.018561813243E-07   4.275369367547E-07   7.670649032075E-01   3.854728437475E-05   2.328960201150E-01   1.000000000000E+04   5.000000000000E+02   6.939810430320E-03   2.000000980740E+04   1.448594813560E+23   6.906746982570E+06
   1.887358931010E-04   1.040713611532E-07   4.367823734385E-07   7.670641121229E-01   4.023725107711E-05   2.328951097723E-01   1.000000000000E+04   5.000000000000E+02   6.939810430320E-03   2.000001001970E+04   1.448594828940E+23   6.906752359250E+06
   1.937358931010E-04   1.068403255674E-07   4.483391172095E-07   7.670630994742E-01   4.240068039520E-05   2.328939446660E-01   1.000000000000E+04   5.000000000000E+02   6.939810430320E-03   2.000001028520E+04   1.448594848160E+23   6.906759235240E+06
   1.987358931010E-04   1.096092728522E-07   4.598958078045E-07   7.670620603894E-01   4.462074265088E-05   2.328927493629E-01   1.000000000000E+04   5.000000000000E+02   6.939810430320E-03   2.000001055060E+04   1.448594867380E+23   6.906766283610E+06
   2.037358931010E-04   1.123782063340E-07   4.714524394535E-07   7.670609948696E-01   4.689743633622E-05   2.328915238634E-01   1.000000000000E+04   5.000000000000E+02   6.939810430320E-03   2.000001081600E+04   1.448594886610E+23   6.906773504360E+06
   2.087358931010E-04   1.151471256083E-07   4.830090107035E-07   7.670599029151E-01   4.923075987686E-05   2.328902681689E-01   1.000000000000E+04   5.000000000000E+02   6.939810430320E-03   2.000001108140E+04   1.448594905830E+23   6.906780897480E+06
   2.137358931010E-04   1.179160302724E-07   4.945655200996E-07   7.670587845271E-01   5.162071165994E-05   2.328889822797E-01   1.000000000000E+04   5.000000000000E+02   6.939810430320E-03   2.000001134690E+04   1.448594925060E+23   6.906788462960E+06
   2.187358931010E-04   1.206849199252E-07   5.061219661821E-07   7.670576397055E-01   5.406729003477E-05   2.328876661976E-01   1.000000000000E+04   5.000000000000E+02   6.939810430320E-03   2.000001161230E+04   1.448594944280E+23   6.906796200810E+06
   2.237358931010E-04   1.234537941679E-07   5.176783474878E-07   7.670564684519E-01   5.657049331233E-05   2.328863199226E-01   1.000000000000E+04   5.000000000000E+02   6.939810430320E-03   2.000001187770E+04   1.448594963510E+23   6.906804111000E+06
   2.297358931010E-04   1.267764235514E-07   5.315459161978E-07   7.670550280577E-01   5.964907960567E-05   2.328846645403E-01   1.000000000000E+04   5.000000000000E+02   6.939810430320E-03   2.000001219620E+04   1.448594986580E+23   6.906813830740E+06
   2.357358931010E-04   1.300990310654E-07   5.454133852792E-07   7.670535496050E-01   6.280920011161E-05   2.328829656825E-01   1.000000000000E+04   5.000000000000E+02   6.939810430320E-03   2.000001251470E+04   1.448595009640E+23   6.906823798660E+06
   2.407358931010E-04   1.328678533821E-07   5.569695316595E-07   7.670522884873E-01   6.550491469084E-05   2.328815167606E-01   1.000000000000E+04   5.000000000000E+02   6.939810430320E-03   2.000001278010E+04   1.448595028870E+23   6.906832294820E+06
   2.467358931010E-04   1.361904191550E-07   5.708368113557E-07   7.670507402613E-01   6.881450637757E-05   2.328797382051E-01   1.000000000000E+04   5.000000000000E+02   6.939810430320E-03   2.000001309860E+04   1.448595051940E+23   6.906842717700E+06
   2.537358931010E-04   1.400667165742E-07   5.870151682488E-07   7.670488859002E-01   7.277873508909E-05   2.328776082829E-01   1.000000000000E+04   5.000000000000E+02   6.939810430320E-03   2.000001347020E+04   1.448595078850E+23   6.906855191350E+06
   2.597358931010E-04   1.433892312670E-07   6.008822118247E-07   7.670472552221E-01   7.626496016206E-05   2.328757355463E-01   1.000000000000E+04   5.000000000000E+02   6.939810430320E-03   2.000001378870E+04   1.448595101920E+23   6.906866151860E+06
   2.657358931010E-04   1.467117190156E-07   6.147491450788E-07   7.670455864924E-01   7.983270283146E-05   2.328738193439E-01   1.000000000000E+04   5.000000000000E+02   6.939810430320E-03   2.000001410720E+04   1.448595124990E+23   6.906877360500E+06
   2.727358931010E-04   1.505879216236E-07   6.309270889337E-07   7.670435915494E-01   8.409809372100E-05   2.328715288418E-01   1.000000000000E+04   5.000000000000E+02   6.939810430320E-03   2.000001447870E+04   1.448595151900E+23   6.906890750830E+06
   2.797358931010E-04   1.544640874844E-07   6.471048729812E-07   7.670415448186E-01   8.847442846917E-05   2.328691791840E-01   1.000000000000E+04   5.000000000000E+02   6.939810430320E-03   2.000001485030E+04   1.448595178810E+23   6.906904478850E+06
   2.857358931010E-04   1.577864852110E-07   6.609714148974E-07   7.670397492607E-01   9.231387027709E-05   2.328671181111E-01   1.000000000000E+04   5.000000000000E+02   6.939810430320E-03   2.000001516880E+04   1.448595201880E+23   6.906916514480E+06
   2.927358931010E-04   1.616625798732E-07   6.771488916521E-07   7.670376063600E-01   9.689622768330E-05   2.328646586008E-01   1.000000000000E+04   5.000000000000E+02   6.939810430320E-03   2.000001554030E+04   1.448595228790E+23   6.906930869590E+06
   3.007358931010E-04   1.660923549041E-07   6.956372250011E-07   7.670350939255E-01   1.022690354777E-04   2.328617753094E-01   1.000000000000E+04   5.000000000000E+02   6.939810430320E-03   2.000001596490E+04   1.448595259540E+23   6.906947688870E+06
   3.077358931010E-04   1.699683648004E-07   7.118143277460E-07   7.670328400713E-01   1.070890845161E-04   2.328591890615E-01   1.000000000000E+04   5.000000000000E+02   6.939810430320E-03   2.000001633650E+04   1.448595286450E+23   6.906962767460E+06
   3.157358931010E-04   1.743980396647E-07   7.303022237128E-07   7.670302008413E-01   1.127335228549E-04   2.328561609356E-01   1.000000000000E+04   5.000000000000E+02   6.939810430320E-03   2.000001676110E+04   1.448595317210E+23   6.906980413530E+06
   3.237358931010E-04   1.788276590367E-07   7.487898775478E-07   7.670274939943E-01   1.185228164778E-04   2.328530555717E-01   1.000000000000E+04   5.000000000000E+02   6.939810430320E-03   2.000001718570E+04   1.448595347960E+23   6.906998500500E+06
   3.317358931010E-04   1.832572215839E-07   7.672772829516E-07   7.670247195338E-01   1.244569551017E-04   2.328498729766E-01   1.000000000000E+04   5.000000000000E+02   6.939810430320E-03   2.000001761030E+04   1.448595378720E+23   6.907017028350E+06
   3.397358931010E-04   1.876867258723E-07   7.857644337687E-07   7.670218774646E-01   1.305359281564E-04   2.328466131560E-01   1.000000000000E+04   5.000000000000E+02   6.939810430320E-03   2.000001803490E+04   1.448595409470E+23   6.907035997050E+06
   3.477358931010E-04   1.921161705066E-07   8.042513237882E-07   7.670189677932E-01   1.367597248199E-04   2.328432761144E-01   1.000000000000E+04   5.000000000000E+02   6.939810430320E-03   2.000001845950E+04   1.448595440230E+23   6.907055406560E+06
   3.567358931010E-04   1.970992226948E-07   8.250487555647E-07   7.670156136122E-01   1.439345917337E-04   2.328394296481E-01   1.000000000000E+04   5.000000000000E+02   6.939810430320E-03   2.000001893720E+04   1.448595474820E+23   6.907077769120E+06
   3.657358931010E-04   2.020821951062E-07   8.458458411561E-07   7.670121738857E-01   1.512927208697E-04   2.328354854653E-01   1.000000000000E+04   5.000000000000E+02   6.939810430320E-03   2.000001941480E+04   1.448595509420E+23   6.907100689500E+06
   3.747358931010E-04   2.070650860371E-07   8.666425713982E-07   7.670086486212E-01   1.588340956380E-04   2.328314435755E-01   1.000000000000E+04   5.000000000000E+02   6.939810430320E-03   2.000001989250E+04   1.448595544010E+23   6.907124167640E+06
   3.837358931010E-04   2.120478934956E-07   8.874389374468E-07   7.670050378254E-01   1.665586990523E-04   2.328273039887E-01   1.000000000000E+04   5.000000000000E+02   6.939810430320E-03   2.000002037010E+04   1.448595578610E+23   6.907148203480E+06
   3.927358931010E-04   2.170306154892E-07   9.082349304740E-07   7.670013415088E-01   1.744665137130E-04   2.328230667120E-01   1.000000000000E+04   5.000000000000E+02   6.939810430320E-03   2.000002084770E+04   1.448595613200E+23   6.907172796990E+06
   4.027358931010E-04   2.225668706078E-07   9.313411411389E-07   7.669971341958E-01   1.834678301574E-04   2.328182440660E-01   1.000000000000E+04   5.000000000000E+02   6.939810430320E-03   2.000002137840E+04   1.448595651640E+23   6.907200777070E+06
   4.127358931010E-04   2.281030150497E-07   9.544468682170E-07   7.669928213211E-01   1.926952862958E-04   2.328133008427E-01   1.000000000000E+04   5.000000000000E+02   6.939810430320E-03   2.000002190910E+04   1.448595690080E+23   6.907229445480E+06
   4.227358931010E-04   2.336390454127E-07   9.775521003803E-07   7.669884028989E-01   2.021488564986E-04   2.328082370535E-01   1.000000000000E+04   5.000000000000E+02   6.939810430320E-03   2.000002243980E+04   1.448595728510E+23   6.907258802130E+06
   4.337358931010E-04   2.397285440313E-07   1.002967269385E-06   7.669834207389E-01   2.128089140628E-04   2.328025276512E-01   1.000000000000E+04   5.000000000000E+02   6.939810430320E-03   2.000002302350E+04   1.448595770790E+23   6.907291889270E+06
   4.437358931010E-04   2.452643263499E-07   1.026071422298E-06   7.669787807035E-01   2.227372374660E-04   2.327972107232E-01   1.000000000000E+04   5.000000000000E+02   6.939810430320E-03   2.000002355410E+04   1.448595809230E+23   6.907322690970E+06
   4.547358931010E-04   2.513535453769E-07   1.051485374874E-06   7.669735548016E-01   2.339194573787E-04   2.327912229021E-01   1.000000000000E+04   5.000000000000E+02   6.939810430320E-03   2.000002413780E+04   1.448595851500E+23   6.907357367460E+06
   4.667358931010E-04   2.579961564184E-07   1.079208932962E-06   7.669677082338E-01   2.464301206098E-04   2.327845244405E-01   1.000000000000E+04   5.000000000000E+02   6.939810430320E-03   2.000002477460E+04   1.448595897620E+23   6.907396145640E+06
   4.777358931010E-04   2.640850536552E-07   1.104621486274E-06   7.669622154481E-01   2.581840750856E-04   2.327782317703E-01   1.000000000000E+04   5.000000000000E+02   6.939810430320E-03   2.000002535820E+04   1.448595939900E+23   6.907432562360E+06
   4.897358931010E-04   2.707273048153E-07   1.132343479689E-06   7.669560777788E-01   2.713183556141E-04   2.327712007948E-01   1.000000000000E+04   5.000000000000E+02   6.939810430320E-03   2.000002599490E+04   1.448595986010E+23   6.907473238690E+06
   5.017358931010E-04   2.773693611470E-07   1.160064626450E-06   7.669497882665E-01   2.847779255810E-04   2.327639963740E-01   1.000000000000E+04   5.000000000000E+02   6.939810430320E-03   2.000002663160E+04   1.448596032130E+23   6.907514905120E+06
   5.147358931010E-04   2.845646967081E-07   1.190094889247E-06   7.669428033059E-01   2.997261439455E-04   2.327559958906E-01   1.000000000000E+04   5.000000000000E+02   6.939810430320E-03   2.000002732130E+04   1.448596082080E+23   6.907561160880E+06
   5.267358931010E-04   2.912063316223E-07   1.217814205397E-06   7.669361975337E-01   3.138632256648E-04   2.327484302201E-01   1.000000000000E+04   5.000000000000E+02   6.939810430320E-03   2.000002795800E+04   1.448596128200E+23   6.907604889510E+06
   5.397358931010E-04   2.984011993104E-07   1.247842436194E-06   7.669288700199E-01   3.295452836761E-04   2.327400384528E-01   1.000000000000E+04   5.000000000000E+02   6.939810430320E-03   2.000002864760E+04   1.448596178150E+23   6.907653378910E+06
   5.537358931010E-04   3.061492360633E-07   1.280179305287E-06   7.669207797009E-01   3.468602881579E-04   2.327307736824E-01   1.000000000000E+04   5.000000000000E+02   6.939810430320E-03   2.000002939030E+04   1.448596231940E+23   6.907706896830E+06
   5.667358931010E-04   3.133435729520E-07   1.310205231825E-06   7.669130823727E-01   3.633345865953E-04   2.327219594919E-01   1.000000000000E+04   5.000000000000E+02   6.939810430320E-03   2.000003007990E+04   1.448596281890E+23   6.907757797620E+06
   5.807358931010E-04   3.210910238245E-07   1.342539558085E-06   7.669045938755E-01   3.815025954532E-04   2.327122398984E-01   1.000000000000E+04   5.000000000000E+02   6.939810430320E-03   2.000003082260E+04   1.448596335680E+23   6.907813911890E+06
   5.957358931010E-04   3.293915142663E-07   1.377181961526E-06   7.668952700221E-01   4.014589730226E-04   2.327015644314E-01   1.000000000000E+04   5.000000000000E+02   6.939810430320E-03   2.000003161820E+04   1.448596393310E+23   6.907875527750E+06
   6.097358931010E-04   3.371383040932E-07   1.409513420084E-06   7.668863540428E-01   4.205427613856E-04   2.326913565441E-01   1.000000000000E+04   5.000000000000E+02   6.939810430320E-03   2.000003236080E+04   1.448596447090E+23   6.907934429430E+06
   6.257358931010E-04   3.459913725659E-07   1.446461899357E-06   7.668759117479E-01   4.428939526764E-04   2.326794018461E-01   1.000000000000E+04   5.000000000000E+02   6.939810430320E-03   2.000003320940E+04   1.448596508560E+23   6.908003392750E+06
   6.407358931010E-04   3.542907215830E-07   1.481099352707E-06   7.668658774479E-01   4.643722956585E-04   2.326679148664E-01   1.000000000000E+04   5.000000000000E+02   6.939810430320E-03   2.000003400490E+04   1.448596566180E+23   6.908069641100E+06
   6.567358931010E-04   3.631429201831E-07   1.518044060637E-06   7.668549133096E-01   4.878414149812E-04   2.326553640885E-01   1.000000000000E+04   5.000000000000E+02   6.939810430320E-03   2.000003485350E+04   1.448596627630E+23   6.908142007130E+06
   6.727358931010E-04   3.719946530322E-07   1.554986749893E-06   7.668436799464E-01   5.118872861212E-04   2.326425057860E-01   1.000000000000E+04   5.000000000000E+02   6.939810430320E-03   2.000003570200E+04   1.448596689090E+23   6.908216128640E+06
   6.897358931010E-04   3.813990960816E-07   1.594236090411E-06   7.668314495969E-01   5.380677816197E-04   2.326285069863E-01   1.000000000000E+04   5.000000000000E+02   6.939810430320E-03   2.000003660340E+04   1.448596754380E+23   6.908296805650E+06
   7.067358931010E-04   3.908029867462E-07   1.633483037677E-06   7.668189155061E-01   5.648989725542E-04   2.326141612353E-01   1.000000000000E+04   5.000000000000E+02   6.939810430320E-03   2.000003750480E+04   1.448596819670E+23   6.908379463220E+06
   7.237358931010E-04   4.002063113284E-07   1.672727532810E-06   7.668060777743E-01   5.923806435279E-04   2.325994686483E-01   1.000000000000E+04   5.000000000000E+02   6.939810430320E-03   2.000003840620E+04   1.448596884960E+23   6.908464100680E+06
   7.417358931010E-04   4.101621404472E-07   1.714277789482E-06   7.667921540376E-01   6.221876390252E-04   2.325835338835E-01   1.000000000000E+04   5.000000000000E+02   6.939810430320E-03   2.000003936050E+04   1.448596954080E+23   6.908555874080E+06
   7.607358931010E-04   4.206703480964E-07   1.758133262543E-06   7.667770877176E-01   6.544411688465E-04   2.325662923099E-01   1.000000000000E+04   5.000000000000E+02   6.939810430320E-03   2.000004036770E+04   1.448597027030E+23   6.908655152350E+06
   7.787358931010E-04   4.306247901476E-07   1.799677513308E-06   7.667624648757E-01   6.857458368264E-04   2.325495589851E-01   1.000000000000E+04   5.000000000000E+02   6.939810430320E-03   2.000004132190E+04   1.448597096140E+23   6.908751484280E+06
   7.987358931010E-04   4.416844600898E-07   1.845834237043E-06   7.667458186236E-01   7.213828162053E-04   2.325305110415E-01   1.000000000000E+04   5.000000000000E+02   6.939810430320E-03   2.000004238200E+04   1.448597172920E+23   6.908861119140E+06
   8.177358931010E-04   4.521903262586E-07   1.889679574368E-06   7.667296161637E-01   7.560702629217E-04   2.325119717035E-01   1.000000000000E+04   5.000000000000E+02   6.939810430320E-03   2.000004338900E+04   1.448597245860E+23   6.908967805610E+06
   8.387358931010E-04   4.638011198802E-07   1.938136085334E-06   7.667112679517E-01   7.953521105260E-04   2.324909780006E-01   1.000000000000E+04   5.000000000000E+02   6.939810430320E-03   2.000004450200E+04   1.448597326470E+23   6.909088592740E+06
   8.587358931010E-04   4.748580652514E-07   1.984281018607E-06   7.666933639149E-01   8.336836043819E-04   2.324704933416E-01   1.000000000000E+04   5.000000000000E+02   6.939810430320E-03   2.000004556180E+04   1.448597403240E+23   6.909206428970E+06
   8.807358931010E-04   4.870196039741E-07   2.035035681407E-06   7.666731856855E-01   8.768846516277E-04   2.324474076076E-01   1.000000000000E+04   5.000000000000E+02   6.939810430320E-03   2.000004672750E+04   1.448597487670E+23   6.909339203350E+06
   9.027358931010E-04   4.991799604038E-07   2.085785230283E-06   7.666525008942E-01   9.211708926860E-04   2.324237432479E-01   1.000000000000E+04   5.000000000000E+02   6.939810430320E-03   2.000004789310E+04   1.448597572090E+23   6.909475280760E+06
   9.247358931010E-04   5.113391049965E-07   2.136529538123E-06   7.666313098175E-01   9.665417329869E-04   2.323995005809E-01   1.000000000000E+04   5.000000000000E+02   6.939810430320E-03   2.000004905860E+04   1.448597656510E+23   6.909614659380E+06
   9.477358931010E-04   5.240496102021E-07   2.189574663823E-06   7.666086144914E-01   1.015133892757E-03   2.323735379916E-01   1.000000000000E+04   5.000000000000E+02   6.939810430320E-03   2.000005027690E+04   1.448597744750E+23   6.909763901080E+06
   9.707358931010E-04   5.367587248681E-07   2.242613777423E-06   7.665853664511E-01   1.064910114275E-03   2.323469440621E-01   1.000000000000E+04   5.000000000000E+02   6.939810430320E-03   2.000005149510E+04   1.448597832980E+23   6.909916746720E+06
   9.947358931010E-04   5.500188907457E-07   2.297952372811E-06   7.665605187126E-01   1.118112131965E-03   2.323185211841E-01   1.000000000000E+04   5.000000000000E+02   6.939810430320E-03   2.000005276610E+04   1.448597925040E+23   6.910080077810E+06
   1.019735893100E-03   5.638298731943E-07   2.355589436684E-06   7.665339965171E-01   1.174900099201E-03   2.322881839644E-01   1.000000000000E+04   5.000000000000E+02   6.939810430320E-03   2.000005408990E+04   1.448598020920E+23   6.910254381790E+06
   1.044735893100E-03   5.776390881507E-07   2.413218861753E-06   7.665068225972E-01   1.233084237493E-03   2.322571023074E-01   1.000000000000E+04   5.000000000000E+02   6.939810430320E-03   2.000005541350E+04   1.448598116790E+23   6.910432935300E+06
   1.070735893100E-03   5.919987502957E-07   2.473145160902E-06   7.664778708753E-01   1.295075716387E-03   2.322239882644E-01   1.000000000000E+04   5.000000000000E+02   6.939810430320E-03   2.000005678990E+04   1.448598216480E+23   6.910623135550E+06
   1.096735893100E-03   6.063564054104E-07   2.533062788238E-06   7.664482152989E-01   1.358575043617E-03   2.321900702383E-01   1.000000000000E+04   5.000000000000E+02   6.939810430320E-03   2.000005816610E+04   1.448598316160E+23   6.910817925220E+06
   1.124735893100E-03   6.218161953050E-07   2.597579526489E-06   7.664154920092E-01   1.428643862427E-03   2.321526447327E-01   1.000000000000E+04   5.000000000000E+02   6.939810430320E-03   2.000005964790E+04   1.448598423490E+23   6.911032827110E+06
   1.151735893100E-03   6.367215353764E-07   2.659782097878E-06   7.663831655869E-01   1.497863674344E-03   2.321156742351E-01   1.000000000000E+04   5.000000000000E+02   6.939810430320E-03   2.000006107650E+04   1.448598526960E+23   6.911245086520E+06
   1.180735893100E-03   6.527283809139E-07   2.726581064319E-06   7.663476013009E-01   1.574017485040E-03   2.320750019046E-01   1.000000000000E+04   5.000000000000E+02   6.939810430320E-03   2.000006261080E+04   1.448598638090E+23   6.911478567580E+06
   1.209735893100E-03   6.687324743873E-07   2.793368145761E-06   7.663111643929E-01   1.652040690816E-03   2.320333328157E-01   1.000000000000E+04   5.000000000000E+02   6.939810430320E-03   2.000006414470E+04   1.448598749190E+23   6.911717738480E+06
   1.239735893100E-03   6.852854656503E-07   2.862445416177E-06   7.662725536631E-01   1.734719619281E-03   2.319891789868E-01   1.000000000000E+04   5.000000000000E+02   6.939810430320E-03   2.000006573130E+04   1.448598864110E+23   6.911971138290E+06
   1.270735893100E-03   7.023869749318E-07   2.933811237356E-06   7.662316768308E-01   1.822251966004E-03   2.319424350050E-01   1.000000000000E+04   5.000000000000E+02   6.939810430320E-03   2.000006737040E+04   1.448598982830E+23   6.912239368720E+06
   1.301735893100E-03   7.194851016609E-07   3.005162455909E-06   7.661898059416E-01   1.911913851447E-03   2.318945555594E-01   1.000000000000E+04   5.000000000000E+02   6.939810430320E-03   2.000006900920E+04   1.448599101530E+23   6.912514080750E+06
   1.333735893100E-03   7.371311462187E-07   3.078799637534E-06   7.661455428833E-01   2.006699220314E-03   2.318439419656E-01   1.000000000000E+04   5.000000000000E+02   6.939810430320E-03   2.000007070050E+04   1.448599224030E+23   6.912804445360E+06
   1.366735893100E-03   7.553246683849E-07   3.154720883933E-06   7.660987897783E-01   2.106817756061E-03   2.317904824201E-01   1.000000000000E+04   5.000000000000E+02   6.939810430320E-03   2.000007244430E+04   1.448599350330E+23   6.913111100760E+06
   1.400735893100E-03   7.740651996036E-07   3.232924174869E-06   7.660494459270E-01   2.212485182892E-03   2.317340619008E-01   1.000000000000E+04   5.000000000000E+02   6.939810430320E-03   2.000007424050E+04   1.448599480420E+23   6.913434703530E+06
   1.435735893100E-03   7.933522416744E-07   3.313407362557E-06   7.659974078407E-01   2.323923202769E-03   2.316745621969E-01   1.000000000000E+04   5.000000000000E+02   6.939810430320E-03   2.000007608900E+04   1.448599614310E+23   6.913775928420E+06
   1.470735893100E-03   8.126344186985E-07   3.393869559375E-06   7.659441105368E-01   2.438058810588E-03   2.316136241486E-01   1.000000000000E+04   5.000000000000E+02   6.939810430320E-03   2.000007793710E+04   1.448599748170E+23   6.914125363810E+06
   1.507735893100E-03   8.330130148547E-07   3.478906215235E-06   7.658864004604E-01   2.561645395068E-03   2.315476422253E-01   1.000000000000E+04   5.000000000000E+02   6.939810430320E-03   2.000007989020E+04   1.448599889630E+23   6.914503681580E+06
   1.544735893100E-03   8.533859054774E-07   3.563918259183E-06   7.658272873306E-01   2.688237702315E-03   2.314800576629E-01   1.000000000000E+04   5.000000000000E+02   6.939810430320E-03   2.000008184280E+04   1.448600031060E+23   6.914891147660E+06
   1.582735893100E-03   8.743033311941E-07   3.651201686105E-06   7.657651184433E-01   2.821375084073E-03   2.314089809676E-01   1.000000000000E+04   5.000000000000E+02   6.939810430320E-03   2.000008384760E+04   1.448600176260E+23   6.915298593060E+06
   1.622735893100E-03   8.963148517983E-07   3.743049554845E-06   7.656980839605E-01   2.964933514023E-03   2.313323431611E-01   1.000000000000E+04   5.000000000000E+02   6.939810430320E-03   2.000008595720E+04   1.448600329060E+23   6.915737873330E+06
   1.662735893100E-03   9.183192046636E-07   3.834866514106E-06   7.656294179689E-01   3.111987081194E-03   2.312538417642E-01   1.000000000000E+04   5.000000000000E+02   6.939810430320E-03   2.000008806610E+04   1.448600481810E+23   6.916187791450E+06
   1.703735893100E-03   9.408660463900E-07   3.928946041253E-06   7.655573452882E-01   3.266337515124E-03   2.311714473846E-01   1.000000000000E+04   5.000000000000E+02   6.939810430320E-03   2.000009022690E+04   1.448600638320E+23   6.916659977000E+06
   1.745735893100E-03   9.639546195510E-07   4.025284874095E-06   7.654817441813E-01   3.428245610468E-03   2.310850209688E-01   1.000000000000E+04   5.000000000000E+02   6.939810430320E-03   2.000009243970E+04   1.448600798590E+23   6.917155223710E+06
   1.788735893100E-03   9.875841251046E-07   4.123879571649E-06   7.654024904492E-01   3.597977436314E-03   2.309944206508E-01   1.000000000000E+04   5.000000000000E+02   6.939810430320E-03   2.000009470430E+04   1.448600962610E+23   6.917674341380E+06
   1.833735893100E-03   1.012302917143E-06   4.227017997532E-06   7.653175476424E-01   3.779894430374E-03   2.308973186063E-01   1.000000000000E+04   5.000000000000E+02   6.939810430320E-03   2.000009707320E+04   1.448601134190E+23   6.918230663090E+06
   1.878735893100E-03   1.037011486095E-06   4.330112361631E-06   7.652305611064E-01   3.966189653878E-03   2.307978821159E-01   1.000000000000E+04   5.000000000000E+02   6.939810430320E-03   2.000009944120E+04   1.448601305700E+23   6.918800310310E+06
   1.924735893100E-03   1.062258313869E-06   4.435451079926E-06   7.651395342025E-01   4.161139261703E-03   2.306938288265E-01   1.000000000000E+04   5.000000000000E+02   6.939810430320E-03   2.000010186070E+04   1.448601480950E+23   6.919396356580E+06
   1.972735893100E-03   1.088590887346E-06   4.545318281048E-06   7.650422838184E-01   4.369418883514E-03   2.305826633889E-01   1.000000000000E+04   5.000000000000E+02   6.939810430320E-03   2.000010438420E+04   1.448601663730E+23   6.920033091230E+06
   2.021735893100E-03   1.115459173840E-06   4.657418876902E-06   7.649406268485E-01   4.587137428142E-03   2.304664628453E-01   1.000000000000E+04   5.000000000000E+02   6.939810430320E-03   2.000010695910E+04   1.448601850220E+23   6.920698612650E+06
   2.071735893100E-03   1.142862054111E-06   4.771748051448E-06   7.648344229185E-01   4.814595619513E-03   2.303450668518E-01   1.000000000000E+04   5.000000000000E+02   6.939810430320E-03   2.000010958510E+04   1.448602040420E+23   6.921393836080E+06
   2.122735893100E-03   1.170798354108E-06   4.888300753468E-06   7.647235296543E-01   5.052098459772E-03   2.302183127868E-01   1.000000000000E+04   5.000000000000E+02   6.939810430320E-03   2.000011226220E+04   1.448602234330E+23   6.922119689760E+06
   2.175735893100E-03   1.199814157539E-06   5.009355070933E-06   7.646055509873E-01   5.304777796466E-03   2.300834620470E-01   1.000000000000E+04   5.000000000000E+02   6.939810430320E-03   2.000011504270E+04   1.448602435720E+23   6.922891851550E+06
   2.229735893100E-03   1.229360216253E-06   5.132619300632E-06   7.644824868184E-01   5.568350484824E-03   2.299428007172E-01   1.000000000000E+04   5.000000000000E+02   6.939810430320E-03   2.000011787400E+04   1.448602640790E+23   6.923697226570E+06
   2.284735893100E-03   1.259435139787E-06   5.258087462916E-06   7.643541868382E-01   5.843138530874E-03   2.297961571083E-01   1.000000000000E+04   5.000000000000E+02   6.939810430320E-03   2.000012075600E+04   1.448602849530E+23   6.924536794810E+06
   2.340735893100E-03   1.290037474058E-06   5.385753305392E-06   7.642204991222E-01   6.129467403618E-03   2.296433576834E-01   1.000000000000E+04   5.000000000000E+02   6.939810430320E-03   2.000012368840E+04   1.448603061920E+23   6.925411546780E+06
   2.398735893100E-03   1.321711620521E-06   5.517887677679E-06   7.640787992783E-01   6.432958074672E-03   2.294814030478E-01   1.000000000000E+04   5.000000000000E+02   6.939810430320E-03   2.000012672350E+04   1.448603281750E+23   6.926338648970E+06
   2.458735893100E-03   1.354454821377E-06   5.654478717921E-06   7.639287601109E-01   6.754311493543E-03   2.293099194620E-01   1.000000000000E+04   5.000000000000E+02   6.939810430320E-03   2.000012986090E+04   1.448603509000E+23   6.927320234660E+06
   2.519735893100E-03   1.387719029909E-06   5.793239905292E-06   7.637726352675E-01   7.088700921661E-03   2.291314828519E-01   1.000000000000E+04   5.000000000000E+02   6.939810430320E-03   2.000013304830E+04   1.448603739850E+23   6.928341554490E+06
   2.581735893100E-03   1.421502420808E-06   5.934163396444E-06   7.636102630691E-01   7.436472722831E-03   2.289459085423E-01   1.000000000000E+04   5.000000000000E+02   6.939810430320E-03   2.000013628530E+04   1.448603974310E+23   6.929403662530E+06
   2.645735893100E-03   1.456347319610E-06   6.079511114159E-06   7.634387710773E-01   7.803779259395E-03   2.287499138049E-01   1.000000000000E+04   5.000000000000E+02   6.939810430320E-03   2.000013962390E+04   1.448604216130E+23   6.930525342520E+06
   2.710735893100E-03   1.491706583004E-06   6.227000432560E-06   7.632605822873E-01   8.185431005070E-03   2.285462680006E-01   1.000000000000E+04   5.000000000000E+02   6.939810430320E-03   2.000014301180E+04   1.448604461510E+23   6.931690740930E+06
   2.778735893100E-03   1.528664605288E-06   6.381154085421E-06   7.630698583427E-01   8.593932941569E-03   2.283282988970E-01   1.000000000000E+04   5.000000000000E+02   6.939810430320E-03   2.000014655280E+04   1.448604717980E+23   6.932938034740E+06
   2.846735893100E-03   1.565587887034E-06   6.535158295636E-06   7.628747494369E-01   9.011828699796E-03   2.281053211172E-01   1.000000000000E+04   5.000000000000E+02   6.939810430320E-03   2.000015009030E+04   1.448604974210E+23   6.934213918080E+06
   2.917735893100E-03   1.604102206180E-06   6.695793664262E-06   7.626663795636E-01   9.458129546191E-03   2.278671909943E-01   1.000000000000E+04   5.000000000000E+02   6.939810430320E-03   2.000015378020E+04   1.448605241460E+23   6.935576428850E+06
   2.989735893100E-03   1.643118501592E-06   6.858517422075E-06   7.624502487879E-01   9.921055223287E-03   2.276201943529E-01   1.000000000000E+04   5.000000000000E+02   6.939810430320E-03   2.000015751810E+04   1.448605512200E+23   6.936989595500E+06
   3.063735893100E-03   1.683175133875E-06   7.025574455592E-06   7.622230814638E-01   1.040762187385E-02   2.273605879128E-01   1.000000000000E+04   5.000000000000E+02   6.939810430320E-03   2.000016135560E+04   1.448605790150E+23   6.938474830550E+06
   3.139735893100E-03   1.724267487955E-06   7.196944948683E-06   7.619844984350E-01   1.091864176536E-02   2.270879385872E-01   1.000000000000E+04   5.000000000000E+02   6.939810430320E-03   2.000016529220E+04   1.448606075270E+23   6.940034605910E+06
   3.217735893100E-03   1.766390690162E-06   7.372607979602E-06   7.617341157138E-01   1.145493750724E-02   2.268018077802E-01   1.000000000000E+04   5.000000000000E+02   6.939810430320E-03   2.000016932740E+04   1.448606367540E+23   6.941671424960E+06
   3.296735893100E-03   1.809000582656E-06   7.550293795402E-06   7.614748630577E-01   1.201023395224E-02   2.265055436956E-01   1.000000000000E+04   5.000000000000E+02   6.939810430320E-03   2.000017340910E+04   1.448606663180E+23   6.943366130020E+06
   3.378735893100E-03   1.853170509446E-06   7.734477653691E-06   7.611997865178E-01   1.259942599851E-02   2.261911998355E-01   1.000000000000E+04   5.000000000000E+02   6.939810430320E-03   2.000017764010E+04   1.448606969630E+23   6.945164171410E+06
   3.462735893100E-03   1.898355054895E-06   7.922884410453E-06   7.609117363282E-01   1.321640885919E-02   2.258620335732E-01   1.000000000000E+04   5.000000000000E+02   6.939810430320E-03   2.000018196820E+04   1.448607283110E+23   6.947046909890E+06
   3.547735893100E-03   1.944011487046E-06   8.113250460756E-06   7.606138575995E-01   1.385444603754E-02   2.255216391011E-01   1.000000000000E+04   5.000000000000E+02   6.939810430320E-03   2.000018634130E+04   1.448607599860E+23   6.948993783660E+06
   3.635735893100E-03   1.991207805804E-06   8.310028124909E-06   7.602987434390E-01   1.452940276831E-02   2.251615525568E-01   1.000000000000E+04   5.000000000000E+02   6.939810430320E-03   2.000019086180E+04   1.448607927270E+23   6.951053196030E+06
   3.725735893100E-03   2.039399863668E-06   8.510947735847E-06   7.599694598580E-01   1.523471201007E-02   2.247852777843E-01   1.000000000000E+04   5.000000000000E+02   6.939810430320E-03   2.000019547750E+04   1.448608261580E+23   6.953205100840E+06
   3.817735893100E-03   2.088580723674E-06   8.715979564872E-06   7.596256063317E-01   1.597123180861E-02   2.243923572994E-01   1.000000000000E+04   5.000000000000E+02   6.939810430320E-03   2.000020018760E+04   1.448608602740E+23   6.955452109110E+06
   3.912735893100E-03   2.139276277812E-06   8.927315007470E-06   7.592629251146E-01   1.674808225216E-02   2.239779260420E-01   1.000000000000E+04   5.000000000000E+02   6.939810430320E-03   2.000020504270E+04   1.448608954390E+23   6.957822036090E+06
   4.009735893100E-03   2.190943762883E-06   9.142690380164E-06   7.588847124041E-01   1.755820317959E-02   2.235457507822E-01   1.000000000000E+04   5.000000000000E+02   6.939810430320E-03   2.000020999060E+04   1.448609312760E+23   6.960293334800E+06
   4.108735893100E-03   2.243575097872E-06   9.362071082619E-06   7.584905694085E-01   1.840244892415E-02   2.230953760211E-01   1.000000000000E+04   5.000000000000E+02   6.939810430320E-03   2.000021503060E+04   1.448609677810E+23   6.962868604840E+06
   4.210735893100E-03   2.297691851624E-06   9.587630001865E-06   7.580759946774E-01   1.929046166609E-02   2.226216583346E-01   1.000000000000E+04   5.000000000000E+02   6.939810430320E-03   2.000022021250E+04   1.448610053140E+23   6.965577250140E+06
   4.314735893100E-03   2.352752926492E-06   9.817110653219E-06   7.576445346657E-01   2.021464512017E-02   2.221286503506E-01   1.000000000000E+04   5.000000000000E+02   6.939810430320E-03   2.000022548470E+04   1.448610435000E+23   6.968396092060E+06
   4.421735893100E-03   2.409276663432E-06   1.005267211479E-05   7.571915256760E-01   2.118498904845E-02   2.216110233268E-01   1.000000000000E+04   5.000000000000E+02   6.939810430320E-03   2.000023089660E+04   1.448610826980E+23   6.971355592160E+06
   4.530735893100E-03   2.466723205355E-06   1.029206326616E-05   7.567206912822E-01   2.219351772603E-02   2.210730322053E-01   1.000000000000E+04   5.000000000000E+02   6.939810430320E-03   2.000023639660E+04   1.448611225350E+23   6.974431416970E+06
   4.642735893100E-03   2.525607408244E-06   1.053742829036E-05   7.562272077484E-01   2.325056377082E-02   2.205091654451E-01   1.000000000000E+04   5.000000000000E+02   6.939810430320E-03   2.000024203400E+04   1.448611633660E+23   6.977655071300E+06
   4.757735893100E-03   2.585914543776E-06   1.078870420612E-05   7.557104477718E-01   2.435747106222E-02   2.199187065472E-01   1.000000000000E+04   5.000000000000E+02   6.939810430320E-03   2.000024780720E+04   1.448612051810E+23   6.981030644130E+06
   4.875735893100E-03   2.647629132723E-06   1.104582484867E-05   7.551697914932E-01   2.551556753320E-02   2.193009475196E-01   1.000000000000E+04   5.000000000000E+02   6.939810430320E-03   2.000025371480E+04   1.448612479700E+23   6.984562175810E+06
   4.996735893100E-03   2.710734926524E-06   1.130872079704E-05   7.546046287599E-01   2.672616032910E-02   2.186551914553E-01   1.000000000000E+04   5.000000000000E+02   6.939810430320E-03   2.000025975520E+04   1.448612917200E+23   6.988253643340E+06
   5.120735893100E-03   2.775214891993E-06   1.157731930579E-05   7.540143614745E-01   2.799053076862E-02   2.179807552226E-01   1.000000000000E+04   5.000000000000E+02   6.939810430320E-03   2.000026592680E+04   1.448613364200E+23   6.992108945040E+06
   5.246735893100E-03   2.840533614636E-06   1.184938847931E-05   7.534033005135E-01   2.929944496129E-02   2.172825646031E-01   1.000000000000E+04   5.000000000000E+02   6.939810430320E-03   2.000027217820E+04   1.448613816990E+23   6.996099918250E+06
   5.376735893100E-03   2.907709315468E-06   1.212916757727E-05   7.527611802583E-01   3.067489239611E-02   2.165488904687E-01   1.000000000000E+04   5.000000000000E+02   6.939810430320E-03   2.000027860680E+04   1.448614282620E+23   7.000293602170E+06
   5.509735893100E-03   2.976203300276E-06   1.241441076412E-05   7.520922578719E-01   3.210775425489E-02   2.157845972592E-01   1.000000000000E+04   5.000000000000E+02   6.939810430320E-03   2.000028516120E+04   1.448614757350E+23   7.004662184060E+06
   5.646735893100E-03   3.046507495088E-06   1.270716435549E-05   7.513908434694E-01   3.361021872690E-02   2.149831841319E-01   1.000000000000E+04   5.000000000000E+02   6.939810430320E-03   2.000029188830E+04   1.448615244590E+23   7.009242814340E+06
   5.786735893100E-03   3.118084628318E-06   1.300518872775E-05   7.506614213322E-01   3.517268044195E-02   2.141497749525E-01   1.000000000000E+04   5.000000000000E+02   6.939810430320E-03   2.000029873660E+04   1.448615740610E+23   7.014006199440E+06
   5.929735893100E-03   3.190912453283E-06   1.330838914797E-05   7.499035198783E-01   3.679614970466E-02   2.132838311154E-01   1.000000000000E+04   5.000000000000E+02   6.939810430320E-03   2.000030570400E+04   1.448616245260E+23   7.018955412200E+06
   6.076735893100E-03   3.265474027667E-06   1.361877422085E-05   7.491112646429E-01   3.849321013476E-02   2.123786409741E-01   1.000000000000E+04   5.000000000000E+02   6.939810430320E-03   2.000031283670E+04   1.448616761880E+23   7.024128805700E+06
   6.226735893100E-03   3.341234835913E-06   1.393411633114E-05   7.482895057470E-01   4.025347263431E-02   2.114397462675E-01   1.000000000000E+04   5.000000000000E+02   6.939810430320E-03   2.000032008350E+04   1.448617286760E+23   7.029494701150E+06
   6.380735893100E-03   3.418671483208E-06   1.425639668695E-05   7.474322657583E-01   4.208974142643E-02   2.104603177471E-01   1.000000000000E+04   5.000000000000E+02   6.939810430320E-03   2.000032749000E+04   1.448617823210E+23   7.035092122440E+06
   6.538735893100E-03   3.497750910580E-06   1.458547470795E-05   7.465389576795E-01   4.400327408383E-02   2.094396850111E-01   1.000000000000E+04   5.000000000000E+02   6.939810430320E-03   2.000033505280E+04   1.448618370980E+23   7.040924893890E+06
   6.700735893100E-03   3.578438649677E-06   1.492120391151E-05   7.456090450729E-01   4.599521987094E-02   2.083772354136E-01   1.000000000000E+04   5.000000000000E+02   6.939810430320E-03   2.000034276870E+04   1.448618929840E+23   7.046996510020E+06
   6.866735893100E-03   3.660698824850E-06   1.526343193427E-05   7.446420469869E-01   4.806660919040E-02   2.072724196920E-01   1.000000000000E+04   5.000000000000E+02   6.939810430320E-03   2.000035063410E+04   1.448619499540E+23   7.053310103390E+06
   7.036735893100E-03   3.744494152504E-06   1.561200054004E-05   7.436375429705E-01   5.021834284072E-02   2.061247576941E-01   1.000000000000E+04   5.000000000000E+02   6.939810430320E-03   2.000035864560E+04   1.448620079800E+23   7.059868411930E+06
   7.210735893100E-03   3.829785950212E-06   1.596674567066E-05   7.425951779654E-01   5.245118153061E-02   2.049338439723E-01   1.000000000000E+04   5.000000000000E+02   6.939810430320E-03   2.000036679920E+04   1.448620670370E+23   7.066673746990E+06
   7.389735893100E-03   3.917020045635E-06   1.632951801814E-05   7.415085577462E-01   5.477882242699E-02   2.036923732888E-01   1.000000000000E+04   5.000000000000E+02   6.939810430320E-03   2.000037513760E+04   1.448621274310E+23   7.073767847180E+06
   7.572735893100E-03   4.005663116187E-06   1.669809609692E-05   7.403834294246E-01   5.718895484211E-02   2.024069119741E-01   1.000000000000E+04   5.000000000000E+02   6.939810430320E-03   2.000038360970E+04   1.448621887940E+23   7.081113184840E+06
   7.759735893100E-03   4.095672075837E-06   1.707229759438E-05   7.392196711518E-01   5.968183990016E-02   2.010773209783E-01   1.000000000000E+04   5.000000000000E+02   6.939810430320E-03   2.000039221130E+04   1.448622510960E+23   7.088710550200E+06
   7.951735893100E-03   4.187479080917E-06   1.745391555861E-05   7.380109157192E-01   6.227111691601E-02   1.996963259702E-01   1.000000000000E+04   5.000000000000E+02   6.939810430320E-03   2.000040098370E+04   1.448623146340E+23   7.096601504350E+06
   8.148735893100E-03   4.281028462307E-06   1.784271455431E-05   7.367570131958E-01   6.495710720352E-02   1.982637558577E-01   1.000000000000E+04   5.000000000000E+02   6.939810430320E-03   2.000040992150E+04   1.448623793700E+23   7.104787019400E+06
   8.350735893100E-03   4.376262650872E-06   1.823845131462E-05   7.354579280779E-01   6.773988694463E-02   1.967795702635E-01   1.000000000000E+04   5.000000000000E+02   6.939810430320E-03   2.000041901910E+04   1.448624452630E+23   7.113267321140E+06
   8.557735893100E-03   4.473122233352E-06   1.864087499809E-05   7.341137460318E-01   7.061927274632E-02   1.952438672247E-01   1.000000000000E+04   5.000000000000E+02   6.939810430320E-03   2.000042827070E+04   1.448625122730E+23   7.122041845060E+06
   8.768735893100E-03   4.571083608283E-06   1.904780681923E-05   7.327312600104E-01   7.358071342810E-02   1.936644076711E-01   1.000000000000E+04   5.000000000000E+02   6.939810430320E-03   2.000043762630E+04   1.448625800350E+23   7.131066244860E+06
   8.986735893100E-03   4.671471119347E-06   1.946474383610E-05   7.312910768351E-01   7.666575147128E-02   1.920190354787E-01   1.000000000000E+04   5.000000000000E+02   6.939810430320E-03   2.000044721230E+04   1.448626494670E+23   7.140467107670E+06
   9.208735893100E-03   4.772833052008E-06   1.988565249703E-05   7.298134208601E-01   7.983106406808E-02   1.903308565863E-01   1.000000000000E+04   5.000000000000E+02   6.939810430320E-03   2.000045689000E+04   1.448627195620E+23   7.150112413870E+06
   9.436735893100E-03   4.876016356204E-06   2.031404623933E-05   7.282856187135E-01   8.310379912187E-02   1.885853921020E-01   1.000000000000E+04   5.000000000000E+02   6.939810430320E-03   2.000046674020E+04   1.448627909060E+23   7.160084885850E+06
   9.670735893100E-03   4.980941033286E-06   2.074958854424E-05   7.267083347774E-01   8.648253351866E-02   1.867834011744E-01   1.000000000000E+04   5.000000000000E+02   6.939810430320E-03   2.000047675520E+04   1.448628634450E+23   7.170380183450E+06
   9.909735893100E-03   5.087083153154E-06   2.119010098769E-05   7.250892074345E-01   8.995090494490E-02   1.849336104364E-01   1.000000000000E+04   5.000000000000E+02   6.939810430320E-03   2.000048688480E+04   1.448629368130E+23   7.180948447540E+06
   1.015473589310E-02   5.194809806047E-06   2.163710357994E-05   7.234225358372E-01   9.352112534087E-02   1.830295069086E-01   1.000000000000E+04   5.000000000000E+02   6.939810430320E-03   2.000049716420E+04   1.448630112660E+23   7.191826887650E+06
   1.040673589310E-02   5.304468822475E-06   2.209203514032E-05   7.217026998520E-01   9.720523376998E-02   1.810646698741E-01   1.000000000000E+04   5.000000000000E+02   6.939810430320E-03   2.000050762630E+04   1.448630870430E+23   7.203052185030E+06
   1.066473589310E-02   5.415531354760E-06   2.255269783469E-05   7.199379179616E-01   1.009856252056E-01   1.790484886037E-01   1.000000000000E+04   5.000000000000E+02   6.939810430320E-03   2.000051822060E+04   1.448631637780E+23   7.214570697470E+06
   1.092873589310E-02   5.527909237102E-06   2.301872326608E-05   7.181298177152E-01   1.048588131908E-01   1.769828224616E-01   1.000000000000E+04   5.000000000000E+02   6.939810430320E-03   2.000052893880E+04   1.448632414090E+23   7.226371803490E+06
   1.119873589310E-02   5.641513519555E-06   2.348973924032E-05   7.162802253978E-01   1.088208855362E-01   1.748697578132E-01   1.000000000000E+04   5.000000000000E+02   6.939810430320E-03   2.000053977220E+04   1.448633198750E+23   7.238443585660E+06
   1.147573589310E-02   5.756667754012E-06   2.396708358816E-05   7.143843256723E-01   1.128821572711E-01   1.727037933052E-01   1.000000000000E+04   5.000000000000E+02   6.939810430320E-03   2.000055075170E+04   1.448633993990E+23   7.250817475030E+06
   1.176073589310E-02   5.873673655527E-06   2.445200560916E-05   7.124375674279E-01   1.170523774307E-01   1.704797294622E-01   1.000000000000E+04   5.000000000000E+02   6.939810430320E-03   2.000056190590E+04   1.448634801890E+23   7.263523177600E+06
   1.205173589310E-02   5.991603877238E-06   2.494065697087E-05   7.104561264984E-01   1.212968950918E-01   1.682160461489E-01   1.000000000000E+04   5.000000000000E+02   6.939810430320E-03   2.000057314640E+04   1.448635616030E+23   7.276455124560E+06
   1.234973589310E-02   6.110764258257E-06   2.543430502003E-05   7.084359042981E-01   1.256244898525E-01   1.659080607802E-01   1.000000000000E+04   5.000000000000E+02   6.939810430320E-03   2.000058450240E+04   1.448636438540E+23   7.289640071560E+06
   1.265573589310E-02   6.231439517605E-06   2.593412632002E-05   7.063731473066E-01   1.300432021341E-01   1.635514849935E-01   1.000000000000E+04   5.000000000000E+02   6.939810430320E-03   2.000059600080E+04   1.448637271370E+23   7.303102522050E+06
   1.296873589310E-02   6.353120028903E-06   2.643800893700E-05   7.042778584451E-01   1.345316041284E-01   1.611577462976E-01   1.000000000000E+04   5.000000000000E+02   6.939810430320E-03   2.000060759320E+04   1.448638111010E+23   7.316777199980E+06
   1.328973589310E-02   6.476079871345E-06   2.694708680513E-05   7.021468412263E-01   1.390965429701E-01   1.587231926369E-01   1.000000000000E+04   5.000000000000E+02   6.939810430320E-03   2.000061930570E+04   1.448638959340E+23   7.330684975540E+06
   1.361873589310E-02   6.600196691411E-06   2.746085255182E-05   6.999839033110E-01   1.437298619028E-01   1.562521737369E-01   1.000000000000E+04   5.000000000000E+02   6.939810430320E-03   2.000063112650E+04   1.448639815510E+23   7.344801008110E+06
   1.395673589310E-02   6.725717769157E-06   2.798032934319E-05   6.977866170895E-01   1.484367609809E-01   1.537419158825E-01   1.000000000000E+04   5.000000000000E+02   6.939810430320E-03   2.000064307920E+04   1.448640681250E+23   7.359141151610E+06
   1.430173589310E-02   6.851781013649E-06   2.850194983893E-05   6.955722323851E-01   1.531802883660E-01   1.512121255180E-01   1.000000000000E+04   5.000000000000E+02   6.939810430320E-03   2.000065508180E+04   1.448641550590E+23   7.373592840660E+06
   1.465573589310E-02   6.979000164278E-06   2.902825489093E-05   6.933323557586E-01   1.579784237125E-01   1.486532132739E-01   1.000000000000E+04   5.000000000000E+02   6.939810430320E-03   2.000066719260E+04   1.448642427770E+23   7.388210866500E+06
   1.501873589310E-02   7.107242850575E-06   2.955869814466E-05   6.910718843169E-01   1.628206764045E-01   1.460707733376E-01   1.000000000000E+04   5.000000000000E+02   6.939810430320E-03   2.000067939910E+04   1.448643311890E+23   7.402963283610E+06
   1.539073589310E-02   7.236379945271E-06   3.009274737261E-05   6.887958986301E-01   1.676961627953E-01   1.434706094472E-01   1.000000000000E+04   5.000000000000E+02   6.939810430320E-03   2.000069168910E+04   1.448644202040E+23   7.417816950500E+06
   1.577173589310E-02   7.366286176864E-06   3.062988727679E-05   6.865096306453E-01   1.725936749402E-01   1.408586982410E-01   1.000000000000E+04   5.000000000000E+02   6.939810430320E-03   2.000070405060E+04   1.448645097390E+23   7.432737738980E+06
   1.616173589310E-02   7.496840810457E-06   3.116962213222E-05   6.842184288520E-01   1.775017552170E-01   1.382411494681E-01   1.000000000000E+04   5.000000000000E+02   6.939810430320E-03   2.000071647230E+04   1.448645997090E+23   7.447690761370E+06
   1.656273589310E-02   7.628578986378E-06   3.171416869428E-05   6.819163779428E-01   1.824330746329E-01   1.356112046766E-01   1.000000000000E+04   5.000000000000E+02   6.939810430320E-03   2.000072900520E+04   1.448646904840E+23   7.462714642080E+06
   1.697273589310E-02   7.760716320991E-06   3.226028302063E-05   6.796208703730E-01   1.873503756312E-01   1.329887329964E-01   1.000000000000E+04   5.000000000000E+02   6.939810430320E-03   2.000074157450E+04   1.448647815230E+23   7.477695893310E+06
   1.739273589310E-02   7.893458717258E-06   3.280884142848E-05   6.773320427120E-01   1.922533652024E-01   1.303738897855E-01   1.000000000000E+04   5.000000000000E+02   6.939810430320E-03   2.000075420030E+04   1.448648729720E+23   7.492633645080E+06
   1.782273589310E-02   8.026697360524E-06   3.335936834081E-05   6.750558363780E-01   1.971293154899E-01   1.277734620665E-01   1.000000000000E+04   5.000000000000E+02   6.939810430320E-03   2.000076687190E+04   1.448649647520E+23   7.507489144100E+06
   1.826473589310E-02   8.160921923071E-06   3.391391692690E-05   6.727880449103E-01   2.019872367988E-01   1.251826434520E-01   1.000000000000E+04   5.000000000000E+02   6.939810430320E-03   2.000077963630E+04   1.448650572040E+23   7.522289867860E+06
   1.871673589310E-02   8.295409360739E-06   3.446949989254E-05   6.705452383343E-01   2.067916333016E-01   1.226203634548E-01   1.000000000000E+04   5.000000000000E+02   6.939810430320E-03   2.000079242480E+04   1.448651498300E+23   7.536927697410E+06
   1.917973589310E-02   8.430358729409E-06   3.502694711471E-05   6.683283877042E-01   2.115404243166E-01   1.200877306734E-01   1.000000000000E+04   5.000000000000E+02   6.939810430320E-03   2.000080525640E+04   1.448652427690E+23   7.551396320400E+06
   1.965473589310E-02   8.565954676858E-06   3.558702911034E-05   6.661389874206E-01   2.162304080457E-01   1.175864515499E-01   1.000000000000E+04   5.000000000000E+02   6.939810430320E-03   2.000081814890E+04   1.448653361490E+23   7.565686010460E+06
   2.014173589310E-02   8.702092089803E-06   3.614931988820E-05   6.639833809473E-01   2.208479953409E-01   1.151237722998E-01   1.000000000000E+04   5.000000000000E+02   6.939810430320E-03   2.000083109230E+04   1.448654298980E+23   7.579755393630E+06
   2.064073589310E-02   8.838677229985E-06   3.671344091760E-05   6.618676573613E-01   2.253801419887E-01   1.127066485318E-01   1.000000000000E+04   5.000000000000E+02   6.939810430320E-03   2.000084407790E+04   1.448655239520E+23   7.593564755800E+06
   2.115173589310E-02   8.975628205177E-06   3.727906294657E-05   6.597975948251E-01   2.298144698117E-01   1.103416806720E-01   1.000000000000E+04   5.000000000000E+02   6.939810430320E-03   2.000085709820E+04   1.448656182580E+23   7.607076411450E+06
   2.167473589310E-02   9.112875265453E-06   3.784590711181E-05   6.577786111960E-01   2.341393724785E-01   1.080350575431E-01   1.000000000000E+04   5.000000000000E+02   6.939810430320E-03   2.000087014650E+04   1.448657127670E+23   7.620255025670E+06
   2.221173589310E-02   9.250869635004E-06   3.841584639040E-05   6.558085711303E-01   2.383594234928E-01   1.057843386609E-01   1.000000000000E+04   5.000000000000E+02   6.939810430320E-03   2.000088326610E+04   1.448658077910E+23   7.633114566690E+06
   2.276173589310E-02   9.389285929915E-06   3.898754639390E-05   6.538965695256E-01   2.424551398755E-01   1.035999137666E-01   1.000000000000E+04   5.000000000000E+02   6.939810430320E-03   2.000089642620E+04   1.448659031090E+23   7.645595697710E+06
   2.332473589310E-02   9.528077399813E-06   3.956082346242E-05   6.520472526599E-01   2.464165681717E-01   1.014870902675E-01   1.000000000000E+04   5.000000000000E+02   6.939810430320E-03   2.000090962230E+04   1.448659986890E+23   7.657668117330E+06
   2.390273589310E-02   9.667688875279E-06   4.013752449410E-05   6.502587379703E-01   2.502477403773E-01   9.944371643896E-02   1.000000000000E+04   5.000000000000E+02   6.939810430320E-03   2.000092289720E+04   1.448660948380E+23   7.669344144850E+06
   2.449473589310E-02   9.807837340237E-06   4.071649017661E-05   6.485385215239E-01   2.539325985389E-01   9.747835560971E-02   1.000000000000E+04   5.000000000000E+02   6.939810430320E-03   2.000093622390E+04   1.448661913630E+23   7.680574873120E+06
   2.510073589310E-02   9.948503518770E-06   4.129764648435E-05   6.468901179174E-01   2.574636135033E-01   9.559502242924E-02   1.000000000000E+04   5.000000000000E+02   6.939810430320E-03   2.000094960080E+04   1.448662882510E+23   7.691337382700E+06
   2.572273589310E-02   1.009013093987E-05   4.188284104108E-05   6.453115247107E-01   2.608450740766E-01   9.379142824070E-02   1.000000000000E+04   5.000000000000E+02   6.939810430320E-03   2.000096307030E+04   1.448663858100E+23   7.701644774570E+06
   2.635973589310E-02   1.023248073774E-05   4.247109150870E-05   6.438083327323E-01   2.640650037379E-01   9.207395995749E-02   1.000000000000E+04   5.000000000000E+02   6.939810430320E-03   2.000097660980E+04   1.448664838760E+23   7.711460569290E+06
   2.701173589310E-02   1.037556133961E-05   4.306244000472E-05   6.423826540561E-01   2.671188778484E-01   9.044503009419E-02   1.000000000000E+04   5.000000000000E+02   6.939810430320E-03   2.000099022020E+04   1.448665824560E+23   7.720770995610E+06
   2.768073589310E-02   1.051982134528E-05   4.365874851581E-05   6.410320626866E-01   2.700118925704E-01   8.890186617314E-02   1.000000000000E+04   5.000000000000E+02   6.939810430320E-03   2.000100394430E+04   1.448666818600E+23   7.729591916740E+06
   2.836573589310E-02   1.066506239162E-05   4.425920389562E-05   6.397600852801E-01   2.727364932990E-01   8.744849715464E-02   1.000000000000E+04   5.000000000000E+02   6.939810430320E-03   2.000101776340E+04   1.448667819510E+23   7.737900317110E+06
   2.906873589310E-02   1.081173369498E-05   4.486566940652E-05   6.385640495856E-01   2.752984037409E-01   8.608186927039E-02   1.000000000000E+04   5.000000000000E+02   6.939810430320E-03   2.000103172040E+04   1.448668830410E+23   7.745713665760E+06
   2.978773589310E-02   1.095945507913E-05   4.547657829330E-05   6.374477200449E-01   2.776895602789E-01   8.480628364283E-02   1.000000000000E+04   5.000000000000E+02   6.939810430320E-03   2.000104577910E+04   1.448669848680E+23   7.753007378720E+06
   3.052573589310E-02   1.110888696447E-05   4.609466622353E-05   6.364063405293E-01   2.799201503854E-01   8.361630553219E-02   1.000000000000E+04   5.000000000000E+02   6.939810430320E-03   2.000106000250E+04   1.448670878870E+23   7.759812534050E+06
   3.128173589310E-02   1.125987268616E-05   4.671928909916E-05   6.354409948695E-01   2.819878525430E-01   8.251317342575E-02   1.000000000000E+04   5.000000000000E+02   6.939810430320E-03   2.000107437570E+04   1.448671919920E+23   7.766122049130E+06
   3.205573589310E-02   1.141247218650E-05   4.735069756166E-05   6.345505214622E-01   2.838951550851E-01   8.149556028296E-02   1.000000000000E+04   5.000000000000E+02   6.939810430320E-03   2.000108890460E+04   1.448672972240E+23   7.771943504330E+06
   3.284973589310E-02   1.156714091287E-05   4.799077821836E-05   6.337312416331E-01   2.856499377276E-01   8.055926272017E-02   1.000000000000E+04   5.000000000000E+02   6.939810430320E-03   2.000110363240E+04   1.448674038980E+23   7.777300931840E+06
   3.366273589310E-02   1.172374958654E-05   4.863899728667E-05   6.329824297241E-01   2.872537553008E-01   7.970345222826E-02   1.000000000000E+04   5.000000000000E+02   6.939810430320E-03   2.000111854690E+04   1.448675119230E+23   7.782199050810E+06
   3.449673589310E-02   1.188275307277E-05   4.929723795951E-05   6.323001176280E-01   2.887151075644E-01   7.892359481654E-02   1.000000000000E+04   5.000000000000E+02   6.939810430320E-03   2.000113369150E+04   1.448676216150E+23   7.786663780660E+06
   3.535073589310E-02   1.204403329048E-05   4.996501107565E-05   6.316826794183E-01   2.900374779346E-01   7.821783360281E-02   1.000000000000E+04   5.000000000000E+02   6.939810430320E-03   2.000114905490E+04   1.448677328920E+23   7.790705711990E+06
   3.622573589310E-02   1.220785656700E-05   5.064341807647E-05   6.311265226875E-01   2.912285617285E-01   7.758206430932E-02   1.000000000000E+04   5.000000000000E+02   6.939810430320E-03   2.000116466240E+04   1.448678459360E+23   7.794348295900E+06
   3.712273589310E-02   1.237448648980E-05   5.133354871669E-05   6.306280368685E-01   2.922960931703E-01   7.701216192599E-02   1.000000000000E+04   5.000000000000E+02   6.939810430320E-03   2.000118053910E+04   1.448679609310E+23   7.797615101610E+06
   3.804173589310E-02   1.254400012038E-05   5.203571970881E-05   6.301840457393E-01   2.932468764037E-01   7.650449813721E-02   1.000000000000E+04   5.000000000000E+02   6.939810430320E-03   2.000119669230E+04   1.448680779280E+23   7.800526847850E+06
   3.898373589310E-02   1.271665896700E-05   5.275101124264E-05   6.297907293181E-01   2.940890942764E-01   7.605470873534E-02   1.000000000000E+04   5.000000000000E+02   6.939810430320E-03   2.000121314700E+04   1.448681971080E+23   7.803108469140E+06
   3.994873589310E-02   1.289253920718E-05   5.347973542791E-05   6.294446410526E-01   2.948301300537E-01   7.565885661903E-02   1.000000000000E+04   5.000000000000E+02   6.939810430320E-03   2.000122991010E+04   1.448683185240E+23   7.805382446840E+06
   4.093773589310E-02   1.307189781040E-05   5.422295269937E-05   6.291419087082E-01   2.954782785342E-01   7.531251790705E-02   1.000000000000E+04   5.000000000000E+02   6.939810430320E-03   2.000124700630E+04   1.448684423510E+23   7.807374055760E+06
   4.195173589310E-02   1.325498728458E-05   5.498170535058E-05   6.288787637616E-01   2.960416123507E-01   7.501138719503E-02   1.000000000000E+04   5.000000000000E+02   6.939810430320E-03   2.000126445940E+04   1.448685687630E+23   7.809107894000E+06
   4.299073589310E-02   1.344187612173E-05   5.575627319741E-05   6.286517539481E-01   2.965275270198E-01   7.475152088277E-02   1.000000000000E+04   5.000000000000E+02   6.939810430320E-03   2.000128227600E+04   1.448686978080E+23   7.810606479400E+06
   4.405473589310E-02   1.363263100663E-05   5.654692582518E-05   6.284574244631E-01   2.969434235035E-01   7.452897247657E-02   1.000000000000E+04   5.000000000000E+02   6.939810430320E-03   2.000130046230E+04   1.448688295310E+23   7.811892346130E+06
   4.514573589310E-02   1.382767184414E-05   5.735540070350E-05   6.282921036012E-01   2.972971666661E-01   7.433954666015E-02   1.000000000000E+04   5.000000000000E+02   6.939810430320E-03   2.000131905820E+04   1.448689642200E+23   7.812989477430E+06
   4.626373589310E-02   1.402705520470E-05   5.818192944689E-05   6.281526539479E-01   2.975954775578E-01   7.417965950969E-02   1.000000000000E+04   5.000000000000E+02   6.939810430320E-03   2.000133806910E+04   1.448691019160E+23   7.813918336920E+06
   4.740873589310E-02   1.423083559612E-05   5.902672693648E-05   6.280360479049E-01   2.978448419768E-01   7.404585255572E-02   1.000000000000E+04   5.000000000000E+02   6.939810430320E-03   2.000135750000E+04   1.448692426530E+23   7.814698671850E+06
   4.858273589310E-02   1.443941653930E-05   5.989146535779E-05   6.279392627149E-01   2.980517346051E-01   7.393467179814E-02   1.000000000000E+04   5.000000000000E+02   6.939810430320E-03   2.000137738940E+04   1.448693867110E+23   7.815350232260E+06
   4.978573589310E-02   1.465284164985E-05   6.077631978840E-05   6.278596982763E-01   2.982217254536E-01   7.384314710865E-02   1.000000000000E+04   5.000000000000E+02   6.939810430320E-03   2.000139774130E+04   1.448695341200E+23   7.815889976830E+06
   5.101873589310E-02   1.487132714596E-05   6.168218312321E-05   6.277948870507E-01   2.983601001792E-01   7.376845925991E-02   1.000000000000E+04   5.000000000000E+02   6.939810430320E-03   2.000141857620E+04   1.448696850260E+23   7.816334016790E+06
   5.228173589310E-02   1.509490763981E-05   6.260919424906E-05   6.277426396545E-01   2.984715489453E-01   7.370810729825E-02   1.000000000000E+04   5.000000000000E+02   6.939810430320E-03   2.000143989740E+04   1.448698394550E+23   7.816696631760E+06
   5.357573589310E-02   1.532379050664E-05   6.355820832961E-05   6.277009415527E-01   2.985603869760E-01   7.365978947242E-02   1.000000000000E+04   5.000000000000E+02   6.939810430320E-03   2.000146172460E+04   1.448699975490E+23   7.816990978210E+06
   5.490273589310E-02   1.555835512536E-05   6.453079526932E-05   6.276679942854E-01   2.986304662329E-01   7.362145033135E-02   1.000000000000E+04   5.000000000000E+02   6.939810430320E-03   2.000148409390E+04   1.448701595690E+23   7.817228820490E+06
   5.626173589310E-02   1.579844668244E-05   6.552630954637E-05   6.276422945778E-01   2.986850074612E-01   7.359137320479E-02   1.000000000000E+04   5.000000000000E+02   6.939810430320E-03   2.000150699050E+04   1.448703254090E+23   7.817419945770E+06
   5.765473589310E-02   1.604443689725E-05   6.654628931660E-05   6.276224731608E-01   2.987269432009E-01   7.356799291212E-02   1.000000000000E+04   5.000000000000E+02   6.939810430320E-03   2.000153044980E+04   1.448704953230E+23   7.817573319060E+06
   5.908273589310E-02   1.629651727298E-05   6.759152579857E-05   6.276073839925E-01   2.987587281653E-01   7.354999979909E-02   1.000000000000E+04   5.000000000000E+02   6.939810430320E-03   2.000155448990E+04   1.448706694450E+23   7.817696432080E+06
   6.054573589310E-02   1.655469982283E-05   6.866206624288E-05   6.275960656398E-01   2.987824219736E-01   7.353629562052E-02   1.000000000000E+04   5.000000000000E+02   6.939810430320E-03   2.000157911200E+04   1.448708477820E+23   7.817795555190E+06
   6.204473589310E-02   1.681917043862E-05   6.975867913719E-05   6.275877050809E-01   2.987997659351E-01   7.352595113442E-02   1.000000000000E+04   5.000000000000E+02   6.939810430320E-03   2.000160433370E+04   1.448710304630E+23   7.817876008060E+06
   6.358073589310E-02   1.709011261697E-05   7.088212327816E-05   6.275816348934E-01   2.988121894523E-01   7.351820341841E-02   1.000000000000E+04   5.000000000000E+02   6.939810430320E-03   2.000163017260E+04   1.448712176130E+23   7.817942160700E+06
   6.515473589310E-02   1.736770778794E-05   7.203314910409E-05   6.275773144455E-01   2.988208503110E-01   7.351243438654E-02   1.000000000000E+04   5.000000000000E+02   6.939810430320E-03   2.000165664590E+04   1.448714093580E+23   7.817997556170E+06
   6.676773589310E-02   1.765213561069E-05   7.321249988998E-05   6.275743121018E-01   2.988266728058E-01   7.350815045696E-02   1.000000000000E+04   5.000000000000E+02   6.939810430320E-03   2.000168377060E+04   1.448716058220E+23   7.818045026650E+06
   6.842073589310E-02   1.794357424086E-05   7.442091283609E-05   6.275722882770E-01   2.988303840346E-01   7.350496320126E-02   1.000000000000E+04   5.000000000000E+02   6.939810430320E-03   2.000171156380E+04   1.448718071270E+23   7.818086803900E+06
   7.011473589320E-02   1.824220056608E-05   7.565912000725E-05   6.275709799368E-01   2.988325471086E-01   7.350257163395E-02   1.000000000000E+04   5.000000000000E+02   6.939810430320E-03   2.000174004240E+04   1.448720133960E+23   7.818124620410E+06
   7.185073589320E-02   1.854819040988E-05   7.692784913227E-05   6.275701868043E-01   2.988335906971E-01   7.350074645914E-02   1.000000000000E+04   5.000000000000E+02   6.939810430320E-03   2.000176922290E+04   1.448722247500E+23   7.818159799360E+06
   7.362973589320E-02   1.886171869455E-05   7.822782429678E-05   6.275697588472E-01   2.988338358340E-01   7.349931577578E-02   1.000000000000E+04   5.000000000000E+02   6.939810430320E-03   2.000179912220E+04   1.448724413100E+23   7.818193336200E+06
   7.545273589320E-02   1.918295960439E-05   7.955976646530E-05   6.275695857176E-01   2.988335185401E-01   7.349815301619E-02   1.000000000000E+04   5.000000000000E+02   6.939810430320E-03   2.000182975680E+04   1.448726631950E+23   7.818225967530E+06
   7.732173589320E-02   1.951226277720E-05   8.092512450298E-05   6.275695878998E-01   2.988328084110E-01   7.349716630195E-02   1.000000000000E+04   5.000000000000E+02   6.939810430320E-03   2.000186116000E+04   1.448728906480E+23   7.818258246120E+06
   7.923573589320E-02   1.984944880733E-05   8.232315331352E-05   6.275697090736E-01   2.988318264830E-01   7.349629184131E-02   1.000000000000E+04   5.000000000000E+02   6.939810430320E-03   2.000189331470E+04   1.448731235430E+23   7.818290521600E+06
   8.119773589320E-02   2.019504253028E-05   8.375602759197E-05   6.275699103150E-01   2.988306550174E-01   7.349548359746E-02   1.000000000000E+04   5.000000000000E+02   6.939810430320E-03   2.000192627090E+04   1.448733622440E+23   7.818323099240E+06
   8.320773589320E-02   2.054903970783E-05   8.522372889521E-05   6.275701651627E-01   2.988293507112E-01   7.349471135756E-02   1.000000000000E+04   5.000000000000E+02   6.939810430320E-03   2.000196002820E+04   1.448736067470E+23   7.818356151150E+06
   8.526873589320E-02   2.091196406788E-05   8.672842741076E-05   6.275704564201E-01   2.988279492809E-01   7.349395390749E-02   1.000000000000E+04   5.000000000000E+02   6.939810430320E-03   2.000199463650E+04   1.448738574140E+23   7.818389840800E+06
   8.737973589320E-02   2.128363448514E-05   8.826937098715E-05   6.275707724876E-01   2.988264759643E-01   7.349319854262E-02   1.000000000000E+04   5.000000000000E+02   6.939810430320E-03   2.000203007860E+04   1.448741141200E+23   7.818424226040E+06
   8.954273589320E-02   2.166439763792E-05   8.984799605764E-05   6.275711064054E-01   2.988249449286E-01   7.349243627228E-02   1.000000000000E+04   5.000000000000E+02   6.939810430320E-03   2.000206638740E+04   1.448743771040E+23   7.818459386240E+06
   9.175973589320E-02   2.205459985137E-05   9.146573649946E-05   6.275714540406E-01   2.988233642855E-01   7.349166133759E-02   1.000000000000E+04   5.000000000000E+02   6.939810430320E-03   2.000210359600E+04   1.448746466040E+23   7.818495382270E+06
   9.403173589320E-02   2.245441084488E-05   9.312329435095E-05   6.275718128549E-01   2.988217391105E-01   7.349087032943E-02   1.000000000000E+04   5.000000000000E+02   6.939810430320E-03   2.000214172040E+04   1.448749227390E+23   7.818532247310E+06
   9.635973589320E-02   2.286399947577E-05   9.482137011070E-05   6.275721814081E-01   2.988200721245E-01   7.349006109777E-02   1.000000000000E+04   5.000000000000E+02   6.939810430320E-03   2.000218077700E+04   1.448752056240E+23   7.818570007310E+06
   9.874573589320E-02   2.328371068657E-05   9.656139059637E-05   6.275725591232E-01   2.988183638262E-01   7.348923194927E-02   1.000000000000E+04   5.000000000000E+02   6.939810430320E-03   2.000222079830E+04   1.448754954970E+23   7.818608699790E+06
   1.011907358930E-01   2.371371247447E-05   9.834405126272E-05   6.275729456571E-01   2.988166145918E-01   7.348838198745E-02   1.000000000000E+04   5.000000000000E+02   6.939810430320E-03   2.000226180050E+04   1.448757924750E+23   7.818648343470E+06
   1.036967358930E-01   2.415434819993E-05   1.001707739568E-04   6.275733410325E-01   2.988148236344E-01   7.348751021096E-02   1.000000000000E+04   5.000000000000E+02   6.939810430320E-03   2.000230381630E+04   1.448760967940E+23   7.818688971820E+06
   1.062637358930E-01   2.460560893979E-05   1.020415199857E-04   6.275737450872E-01   2.988129913223E-01   7.348661646158E-02   1.000000000000E+04   5.000000000000E+02   6.939810430320E-03   2.000234684480E+04   1.448764084480E+23   7.818730585000E+06
   1.088947358930E-01   2.506801250701E-05   1.039584342176E-04   6.275741582092E-01   2.988111157153E-01   7.348569962872E-02   1.000000000000E+04   5.000000000000E+02   6.939810430320E-03   2.000239093530E+04   1.448767277940E+23   7.818773231240E+06
   1.115907358930E-01   2.554172434347E-05   1.059222006215E-04   6.275745805121E-01   2.988091962149E-01   7.348475934796E-02   1.000000000000E+04   5.000000000000E+02   6.939810430320E-03   2.000243610350E+04   1.448770549470E+23   7.818816925960E+06
   1.143537358930E-01   2.602708482637E-05   1.079342282573E-04   6.275750122808E-01   2.988072314818E-01   7.348379492431E-02   1.000000000000E+04   5.000000000000E+02   6.939810430320E-03   2.000248238200E+04   1.448773901400E+23   7.818861700670E+06
   1.171857358930E-01   2.652443339585E-05   1.099959221741E-04   6.275754537883E-01   2.988052202039E-01   7.348280565221E-02   1.000000000000E+04   5.000000000000E+02   6.939810430320E-03   2.000252980290E+04   1.448777336090E+23   7.818907586820E+06
   1.200867358930E-01   2.703375740489E-05   1.121072277889E-04   6.275759050103E-01   2.988031624601E-01   7.348179154436E-02   1.000000000000E+04   5.000000000000E+02   6.939810430320E-03   2.000257836520E+04   1.448780853440E+23   7.818954583300E+06
   1.230597358930E-01   2.755557003116E-05   1.142702701270E-04   6.275763663804E-01   2.988010562234E-01   7.348075155601E-02   1.000000000000E+04   5.000000000000E+02   6.939810430320E-03   2.000262811760E+04   1.448784456990E+23   7.819002737570E+06
   1.261067358930E-01   2.809020768682E-05   1.164864413095E-04   6.275768381909E-01   2.987989001452E-01   7.347968501487E-02   1.000000000000E+04   5.000000000000E+02   6.939810430320E-03   2.000267909220E+04   1.448788149060E+23   7.819052080650E+06
   1.292297358930E-01   2.863800558618E-05   1.187571283469E-04   6.275773207347E-01   2.987966928807E-01   7.347859125067E-02   1.000000000000E+04   5.000000000000E+02   6.939810430320E-03   2.000273132090E+04   1.448791931970E+23   7.819102643470E+06
   1.324287358930E-01   2.919894702887E-05   1.210822594076E-04   6.275778139912E-01   2.987944345099E-01   7.347747029251E-02   1.000000000000E+04   5.000000000000E+02   6.939810430320E-03   2.000278480200E+04   1.448795805600E+23   7.819154424470E+06
   1.357077358930E-01   2.977371548096E-05   1.234646647556E-04   6.275783185527E-01   2.987921223000E-01   7.347632076706E-02   1.000000000000E+04   5.000000000000E+02   6.939810430320E-03   2.000283960080E+04   1.448799774660E+23   7.819207486770E+06
   1.390677358930E-01   3.036246689805E-05   1.259049879315E-04   6.275788345491E-01   2.987897556383E-01   7.347514235784E-02   1.000000000000E+04   5.000000000000E+02   6.939810430320E-03   2.000289573190E+04   1.448803840220E+23   7.819261844750E+06
   1.425117358930E-01   3.096570621365E-05   1.284053188085E-04   6.275793624016E-01   2.987873325402E-01   7.347393403323E-02   1.000000000000E+04   5.000000000000E+02   6.939810430320E-03   2.000295324360E+04   1.448808005770E+23   7.819317545120E+06
   1.460397358930E-01   3.158341130288E-05   1.309655625225E-04   6.275799020788E-01   2.987848531218E-01   7.347269582561E-02   1.000000000000E+04   5.000000000000E+02   6.939810430320E-03   2.000301213350E+04   1.448812271150E+23   7.819374585870E+06
   1.496557358930E-01   3.221625879954E-05   1.335885202533E-04   6.275804541725E-01   2.987823146646E-01   7.347142638379E-02   1.000000000000E+04   5.000000000000E+02   6.939810430320E-03   2.000307246620E+04   1.448816641030E+23   7.819433029410E+06
   1.533617358930E-01   3.286457310440E-05   1.362755330377E-04   6.275810189499E-01   2.987797159007E-01   7.347012504325E-02   1.000000000000E+04   5.000000000000E+02   6.939810430320E-03   2.000313427260E+04   1.448821117650E+23   7.819492905750E+06
   1.571587358930E-01   3.352850183512E-05   1.390272090494E-04   6.275815965370E-01   2.987770562460E-01   7.346879150610E-02   1.000000000000E+04   5.000000000000E+02   6.939810430320E-03   2.000319756660E+04   1.448825702010E+23   7.819554228490E+06
   1.610497358930E-01   3.420854032073E-05   1.418455973856E-04   6.275821873588E-01   2.987743337272E-01   7.346742477624E-02   1.000000000000E+04   5.000000000000E+02   6.939810430320E-03   2.000326239530E+04   1.448830397540E+23   7.819617043340E+06
   1.650367358930E-01   3.490500669655E-05   1.447320125416E-04   6.275827916856E-01   2.987715470846E-01   7.346602421056E-02   1.000000000000E+04   5.000000000000E+02   6.939810430320E-03   2.000332878910E+04   1.448835206420E+23   7.819681379660E+06
   1.691237358930E-01   3.561856583359E-05   1.476892057655E-04   6.275834100878E-01   2.987686936708E-01   7.346458846977E-02   1.000000000000E+04   5.000000000000E+02   6.939810430320E-03   2.000339681130E+04   1.448840133250E+23   7.819747298850E+06
   1.733107358930E-01   3.634918153161E-05   1.507170226264E-04   6.275840425249E-01   2.987657736515E-01   7.346311761949E-02   1.000000000000E+04   5.000000000000E+02   6.939810430320E-03   2.000346645830E+04   1.448845177760E+23   7.819814797540E+06
   1.776017358930E-01   3.709751308718E-05   1.538181907850E-04   6.275846895611E-01   2.987627844053E-01   7.346161032980E-02   1.000000000000E+04   5.000000000000E+02   6.939810430320E-03   2.000353779290E+04   1.448850344500E+23   7.819883936610E+06
   1.819997358930E-01   3.786404189224E-05   1.569947003217E-04   6.275853516021E-01   2.987597240312E-01   7.346006562450E-02   1.000000000000E+04   5.000000000000E+02   6.939810430320E-03   2.000361086080E+04   1.448855636790E+23   7.819954760520E+06
   1.865057358930E-01   3.864889760816E-05   1.602470834918E-04   6.275860287541E-01   2.987565920237E-01   7.345848324114E-02   1.000000000000E+04   5.000000000000E+02   6.939810430320E-03   2.000368567440E+04   1.448861055520E+23   7.820027281210E+06
   1.911237358930E-01   3.945272914231E-05   1.635780240234E-04   6.275867215653E-01   2.987533858197E-01   7.345686186184E-02   1.000000000000E+04   5.000000000000E+02   6.939810430320E-03   2.000376229550E+04   1.448866605160E+23   7.820101558620E+06
   1.958557358930E-01   4.027583325106E-05   1.669887460651E-04   6.275874302813E-01   2.987501042560E-01   7.345520088342E-02   1.000000000000E+04   5.000000000000E+02   6.939810430320E-03   2.000384075210E+04   1.448872287750E+23   7.820177620150E+06
   2.007047358930E-01   4.111867678252E-05   1.704811783020E-04   6.275881553122E-01   2.987467454542E-01   7.345349937847E-02   1.000000000000E+04   5.000000000000E+02   6.939810430320E-03   2.000392108870E+04   1.448878106510E+23   7.820255508780E+06
   2.056747358930E-01   4.198189578203E-05   1.740579501567E-04   6.275888971928E-01   2.987433069066E-01   7.345175605465E-02   1.000000000000E+04   5.000000000000E+02   6.939810430320E-03   2.000400336590E+04   1.448884065820E+23   7.820335283280E+06
   2.107667358930E-01   4.286560060556E-05   1.777195125155E-04   6.275896560109E-01   2.987397881882E-01   7.344997068776E-02   1.000000000000E+04   5.000000000000E+02   6.939810430320E-03   2.000408759390E+04   1.448890166430E+23   7.820416953780E+06
   2.159857358930E-01   4.377059107542E-05   1.814691727039E-04   6.275904324454E-01   2.987361861314E-01   7.344814165940E-02   1.000000000000E+04   5.000000000000E+02   6.939810430320E-03   2.000417384900E+04   1.448896413860E+23   7.820500594140E+06
   2.213327358930E-01   4.469696779609E-05   1.853073405778E-04   6.275912265720E-01   2.987325003586E-01   7.344626876099E-02   1.000000000000E+04   5.000000000000E+02   6.939810430320E-03   2.000426214050E+04   1.448902808790E+23   7.820586213610E+06
   2.268127358930E-01   4.564551904845E-05   1.892372748474E-04   6.275920390706E-01   2.987287277238E-01   7.344435041164E-02   1.000000000000E+04   5.000000000000E+02   6.939810430320E-03   2.000435254360E+04   1.448909356660E+23   7.820673884890E+06
   2.324287358930E-01   4.661668011064E-05   1.932607712312E-04   6.275928703096E-01   2.987248665064E-01   7.344238573264E-02   1.000000000000E+04   5.000000000000E+02   6.939810430320E-03   2.000444509950E+04   1.448916060450E+23   7.820763648110E+06
   2.381837358930E-01   4.761087985673E-05   1.973795985299E-04   6.275937206465E-01   2.987209150212E-01   7.344037385393E-02   1.000000000000E+04   5.000000000000E+02   6.939810430320E-03   2.000453984890E+04   1.448922923130E+23   7.820855542860E+06
   2.440807358930E-01   4.862854037873E-05   2.015954970534E-04   6.275945904251E-01   2.987168716277E-01   7.343831390974E-02   1.000000000000E+04   5.000000000000E+02   6.939810430320E-03   2.000463683200E+04   1.448929947590E+23   7.820949608110E+06
   2.501247358930E-01   4.967042111572E-05   2.059116041843E-04   6.275954802816E-01   2.987127333358E-01   7.343620435731E-02   1.000000000000E+04   5.000000000000E+02   6.939810430320E-03   2.000473612100E+04   1.448937139050E+23   7.821045913990E+06
   2.563177358930E-01   5.073675604059E-05   2.103288800165E-04   6.275963904433E-01   2.987084991578E-01   7.343404476285E-02   1.000000000000E+04   5.000000000000E+02   6.939810430320E-03   2.000483773790E+04   1.448944499140E+23   7.821144481800E+06
   2.626637358930E-01   5.182811547347E-05   2.148496775578E-04   6.275973213778E-01   2.987041668701E-01   7.343183395909E-02   1.000000000000E+04   5.000000000000E+02   6.939810430320E-03   2.000494173700E+04   1.448952031760E+23   7.821245364230E+06
   2.691677358930E-01   5.294523188787E-05   2.194770209543E-04   6.275982737027E-01   2.986997335793E-01   7.342957046515E-02   1.000000000000E+04   5.000000000000E+02   6.939810430320E-03   2.000504818790E+04   1.448959741970E+23   7.821348628860E+06
   2.758317358930E-01   5.408831252990E-05   2.242117582253E-04   6.275992475886E-01   2.986951984768E-01   7.342725386388E-02   1.000000000000E+04   5.000000000000E+02   6.939810430320E-03   2.000515711010E+04   1.448967631170E+23   7.821454294710E+06
   2.826617358920E-01   5.525824040411E-05   2.290575359424E-04   6.276002437785E-01   2.986905580807E-01   7.342488236451E-02   1.000000000000E+04   5.000000000000E+02   6.939810430320E-03   2.000526858760E+04   1.448975705460E+23   7.821562443290E+06
   2.896597358920E-01   5.645520152089E-05   2.340151131586E-04   6.276012624235E-01   2.986858116660E-01   7.342245559581E-02   1.000000000000E+04   5.000000000000E+02   6.939810430320E-03   2.000538263790E+04   1.448983966090E+23   7.821673091640E+06
   2.968317358920E-01   5.768005448150E-05   2.390880341538E-04   6.276023042604E-01   2.986809558171E-01   7.341997183378E-02   1.000000000000E+04   5.000000000000E+02   6.939810430320E-03   2.000549934270E+04   1.448992418980E+23   7.821786318910E+06
   3.041817358920E-01   5.893330209388E-05   2.442783689312E-04   6.276033697049E-01   2.986759885659E-01   7.341743005820E-02   1.000000000000E+04   5.000000000000E+02   6.939810430320E-03   2.000561874950E+04   1.449001067580E+23   7.821902171430E+06
   3.117127358920E-01   6.021526351694E-05   2.495874263570E-04   6.276044590182E-01   2.986709086681E-01   7.341482962379E-02   1.000000000000E+04   5.000000000000E+02   6.939810430320E-03   2.000574088850E+04   1.449009914070E+23   7.822020678560E+06
   3.194307358910E-01   6.152675389881E-05   2.550185687650E-04   6.276055728829E-01   2.986657129166E-01   7.341216887777E-02   1.000000000000E+04   5.000000000000E+02   6.939810430320E-03   2.000586583730E+04   1.449018964070E+23   7.822141915500E+06
   3.273397358910E-01   6.286823173111E-05   2.605736807576E-04   6.276067116881E-01   2.986603994951E-01   7.340944690436E-02   1.000000000000E+04   5.000000000000E+02   6.939810430320E-03   2.000599363910E+04   1.449028220720E+23   7.822265924390E+06
   3.354447358910E-01   6.424030836864E-05   2.662552793003E-04   6.276078759669E-01   2.986549659513E-01   7.340666249411E-02   1.000000000000E+04   5.000000000000E+02   6.939810430320E-03   2.000612435210E+04   1.449037688220E+23   7.822392761410E+06
   3.437497358910E-01   6.564340774278E-05   2.720651045730E-04   6.276090660715E-01   2.986494106224E-01   7.340381479376E-02   1.000000000000E+04   5.000000000000E+02   6.939810430320E-03   2.000625801620E+04   1.449047369480E+23   7.822522465550E+06
   3.522607358910E-01   6.707827241481E-05   2.780062153901E-04   6.276102825939E-01   2.986437306503E-01   7.340090226800E-02   1.000000000000E+04   5.000000000000E+02   6.939810430320E-03   2.000639470200E+04   1.449057269590E+23   7.822655105420E+06
   3.609827358900E-01   6.854545451864E-05   2.840808812840E-04   6.276115259874E-01   2.986379238806E-01   7.339792379621E-02   1.000000000000E+04   5.000000000000E+02   6.939810430320E-03   2.000653446170E+04   1.449067392340E+23   7.822790731880E+06
   3.699207358900E-01   7.004548416891E-05   2.902912798547E-04   6.276127967212E-01   2.986319881726E-01   7.339487834219E-02   1.000000000000E+04   5.000000000000E+02   6.939810430320E-03   2.000667734560E+04   1.449077741380E+23   7.822929393520E+06
   3.790797358900E-01   7.157886799798E-05   2.966394907290E-04   6.276140952156E-01   2.986259215411E-01   7.339176488456E-02   1.000000000000E+04   5.000000000000E+02   6.939810430320E-03   2.000682340150E+04   1.449088320170E+23   7.823071136940E+06
   3.884657358900E-01   7.314625478918E-05   3.031281812191E-04   6.276154220399E-01   2.986197213758E-01   7.338858214827E-02   1.000000000000E+04   5.000000000000E+02   6.939810430320E-03   2.000697269100E+04   1.449099133160E+23   7.823216021650E+06
   3.980847358890E-01   7.474826531378E-05   3.097599017907E-04   6.276167777293E-01   2.986133852004E-01   7.338532890325E-02   1.000000000000E+04   5.000000000000E+02   6.939810430320E-03   2.000712527280E+04   1.449110184610E+23   7.823364104650E+06
   4.079407358890E-01   7.638515920590E-05   3.165357071293E-04   6.276181624329E-01   2.986069121397E-01   7.338200456107E-02   1.000000000000E+04   5.000000000000E+02   6.939810430320E-03   2.000728117120E+04   1.449121476290E+23   7.823515410080E+06
   4.180407358890E-01   7.805766468972E-05   3.234585908441E-04   6.276195767495E-01   2.986002993510E-01   7.337860764388E-02   1.000000000000E+04   5.000000000000E+02   6.939810430320E-03   2.000744045530E+04   1.449133013190E+23   7.823670004990E+06
   4.283917358890E-01   7.976647530772E-05   3.305314019549E-04   6.276210213070E-01   2.985935440026E-01   7.337513681315E-02   1.000000000000E+04   5.000000000000E+02   6.939810430320E-03   2.000760319070E+04   1.449144800070E+23   7.823827952870E+06
   4.389987358880E-01   8.151191893238E-05   3.377554750514E-04   6.276224963759E-01   2.985866448133E-01   7.337159141680E-02   1.000000000000E+04   5.000000000000E+02   6.939810430320E-03   2.000776940820E+04   1.449156839160E+23   7.823989283680E+06
   4.498677358880E-01   8.329445278925E-05   3.451326792856E-04   6.276240023228E-01   2.985796000188E-01   7.336797052630E-02   1.000000000000E+04   5.000000000000E+02   6.939810430320E-03   2.000793915100E+04   1.449169133580E+23   7.824154039440E+06
   4.610067358880E-01   8.511482160739E-05   3.526660727034E-04   6.276255397652E-01   2.985724066992E-01   7.336427264123E-02   1.000000000000E+04   5.000000000000E+02   6.939810430320E-03   2.000811248960E+04   1.449181688440E+23   7.824322288630E+06
   4.724207358870E-01   8.697323712381E-05   3.603565066360E-04   6.276271088893E-01   2.985650640036E-01   7.336049736332E-02   1.000000000000E+04   5.000000000000E+02   6.939810430320E-03   2.000828944350E+04   1.449194505160E+23   7.824494050380E+06
   4.841177358870E-01   8.887035606992E-05   3.682066730250E-04   6.276287102489E-01   2.985575693374E-01   7.335664338455E-02   1.000000000000E+04   5.000000000000E+02   6.939810430320E-03   2.000847007500E+04   1.449207588250E+23   7.824669384940E+06
   4.961047358870E-01   9.080662369620E-05   3.762183876457E-04   6.276303441818E-01   2.985499210241E-01   7.335270978271E-02   1.000000000000E+04   5.000000000000E+02   6.939810430320E-03   2.000865442600E+04   1.449220940730E+23   7.824848333280E+06
   5.083877358870E-01   9.278227419507E-05   3.843925921094E-04   6.276320108660E-01   2.985421181798E-01   7.334869608796E-02   1.000000000000E+04   5.000000000000E+02   6.939810430320E-03   2.000884251810E+04   1.449234564190E+23   7.825030916690E+06
   5.209757358870E-01   9.479797113864E-05   3.927320036246E-04   6.276337109308E-01   2.985341580363E-01   7.334460105818E-02   1.000000000000E+04   5.000000000000E+02   6.939810430320E-03   2.000903441420E+04   1.449248463160E+23   7.825217195600E+06
   5.338747358880E-01   9.685383942860E-05   4.012371098004E-04   6.276354444638E-01   2.985260401367E-01   7.334042445027E-02   1.000000000000E+04   5.000000000000E+02   6.939810430320E-03   2.000923012550E+04   1.449262638480E+23   7.825407181150E+06
   5.470937358880E-01   9.895042336571E-05   4.099101324231E-04   6.276372117335E-01   2.985177627406E-01   7.333616497006E-02   1.000000000000E+04   5.000000000000E+02   6.939810430320E-03   2.000942970340E+04   1.449277093840E+23   7.825600924390E+06
   5.606397358880E-01   1.010878848129E-04   4.187517102206E-04   6.276390130978E-01   2.985093247347E-01   7.333182257243E-02   1.000000000000E+04   5.000000000000E+02   6.939810430320E-03   2.000963316260E+04   1.449291830340E+23   7.825798438330E+06
   5.745207358890E-01   1.032664779249E-04   4.277628629446E-04   6.276408486847E-01   2.985007253002E-01   7.332739667428E-02   1.000000000000E+04   5.000000000000E+02   6.939810430320E-03   2.000984052690E+04   1.449306849670E+23   7.825999746460E+06
   5.887457358890E-01   1.054865418349E-04   4.369449608904E-04   6.276427187543E-01   2.984919631531E-01   7.332288658983E-02   1.000000000000E+04   5.000000000000E+02   6.939810430320E-03   2.001005182790E+04   1.449322154140E+23   7.826204879770E+06
   6.033227358900E-01   1.077481833959E-04   4.462984127747E-04   6.276446233800E-01   2.984830379069E-01   7.331829211688E-02   1.000000000000E+04   5.000000000000E+02   6.939810430320E-03   2.001026707520E+04   1.449337744430E+23   7.826413847660E+06
   6.182607358900E-01   1.100515858569E-04   4.558239425131E-04   6.276465627341E-01   2.984739488008E-01   7.331361293676E-02   1.000000000000E+04   5.000000000000E+02   6.939810430320E-03   2.001048628550E+04   1.449353621780E+23   7.826626666390E+06
   6.335687358900E-01   1.123968478752E-04   4.655219233978E-04   6.276485368810E-01   2.984646954852E-01   7.330884886247E-02   1.000000000000E+04   5.000000000000E+02   6.939810430320E-03   2.001070946780E+04   1.449369786800E+23   7.826843344620E+06
   6.492557358910E-01   1.147839798267E-04   4.753923629756E-04   6.276505458174E-01   2.984552779445E-01   7.330399989525E-02   1.000000000000E+04   5.000000000000E+02   6.939810430320E-03   2.001093662220E+04   1.449386239530E+23   7.827063882770E+06
   6.653317358910E-01   1.172130507440E-04   4.854355106656E-04   6.276525895970E-01   2.984456959159E-01   7.329906592576E-02   1.000000000000E+04   5.000000000000E+02   6.939810430320E-03   2.001116775480E+04   1.449402980400E+23   7.827288286670E+06
   6.818047358920E-01   1.196837307663E-04   4.956499661046E-04   6.276546679298E-01   2.984359507283E-01   7.329404764504E-02   1.000000000000E+04   5.000000000000E+02   6.939810430320E-03   2.001140283350E+04   1.449420007080E+23   7.827516525300E+06
   6.986857358920E-01   1.221960401035E-04   5.060357758269E-04   6.276567808259E-01   2.984260423152E-01   7.328894504288E-02   1.000000000000E+04   5.000000000000E+02   6.939810430320E-03   2.001164185960E+04   1.449437319670E+23   7.827748599960E+06
   7.159857358930E-01   1.247498865726E-04   5.165925211464E-04   6.276589281952E-01   2.984159710683E-01   7.328375832883E-02   1.000000000000E+04   5.000000000000E+02   6.939810430320E-03   2.001188482350E+04   1.449454917470E+23   7.827984501580E+06
   7.337127358930E-01   1.273446240793E-04   5.273174934416E-04   6.276611094878E-01   2.984057395491E-01   7.327848884553E-02   1.000000000000E+04   5.000000000000E+02   6.939810430320E-03   2.001213166320E+04   1.449472796000E+23   7.828224169890E+06
   7.518797358940E-01   1.299802235228E-04   5.382105343065E-04   6.276633246693E-01   2.983953478938E-01   7.327313667910E-02   1.000000000000E+04   5.000000000000E+02   6.939810430320E-03   2.001238237520E+04   1.449490955000E+23   7.828467601630E+06
   7.704957358940E-01   1.326559484989E-04   5.492685617197E-04   6.276655731112E-01   2.983847990263E-01   7.326770335227E-02   1.000000000000E+04   5.000000000000E+02   6.939810430320E-03   2.001263688880E+04   1.449509389340E+23   7.828714728200E+06
   7.895727358950E-01   1.353713703001E-04   5.604897655994E-04   6.276678544440E-01   2.983740946574E-01   7.326218976268E-02   1.000000000000E+04   5.000000000000E+02   6.939810430320E-03   2.001289516240E+04   1.449528096020E+23   7.828965509420E+06
   8.091227358960E-01   1.381259224900E-04   5.718717666487E-04   6.276701681819E-01   2.983632370399E-01   7.325659708906E-02   1.000000000000E+04   5.000000000000E+02   6.939810430320E-03   2.001315714160E+04   1.449547071090E+23   7.829219892400E+06
   8.291557358960E-01   1.409186201249E-04   5.834104568400E-04   6.276725134887E-01   2.983522300758E-01   7.325092735848E-02   1.000000000000E+04   5.000000000000E+02   6.939810430320E-03   2.001342273190E+04   1.449566307720E+23   7.829477785600E+06
   8.496857358970E-01   1.437488936019E-04   5.951034446374E-04   6.276748898776E-01   2.983410760286E-01   7.324518175558E-02   1.000000000000E+04   5.000000000000E+02   6.939810430320E-03   2.001369187850E+04   1.449585801930E+23   7.829739135830E+06
   8.707237358970E-01   1.466156066860E-04   6.069459982577E-04   6.276772963861E-01   2.983297793946E-01   7.323936261440E-02   1.000000000000E+04   5.000000000000E+02   6.939810430320E-03   2.001396447260E+04   1.449605545840E+23   7.830003837600E+06
   8.922827358980E-01   1.495177456310E-04   6.189338927820E-04   6.276797321542E-01   2.983183441858E-01   7.323347202157E-02   1.000000000000E+04   5.000000000000E+02   6.939810430320E-03   2.001424041720E+04   1.449625532430E+23   7.830271796730E+06
   9.143757358990E-01   1.524541368726E-04   6.310622443430E-04   6.276821961897E-01   2.983067750440E-01   7.322751238505E-02   1.000000000000E+04   5.000000000000E+02   6.939810430320E-03   2.001451960010E+04   1.449645753570E+23   7.830542904330E+06
   9.370147358990E-01   1.554233134683E-04   6.433249586046E-04   6.276846872515E-01   2.982950777699E-01   7.322148670651E-02   1.000000000000E+04   5.000000000000E+02   6.939810430320E-03   2.001480188120E+04   1.449666199100E+23   7.830817024410E+06
   9.602157359000E-01   1.584241649116E-04   6.557174146725E-04   6.276872044033E-01   2.982832567487E-01   7.321539726845E-02   1.000000000000E+04   5.000000000000E+02   6.939810430320E-03   2.001508715420E+04   1.449686861340E+23   7.831094053910E+06
   9.839897359010E-01   1.614547598075E-04   6.682316035150E-04   6.276897460164E-01   2.982713196059E-01   7.320924801435E-02   1.000000000000E+04   5.000000000000E+02   6.939810430320E-03   2.001537523490E+04   1.449707726940E+23   7.831373814020E+06
   1.008353735900E+00   1.645137628479E-04   6.808619798251E-04   6.276923109646E-01   2.982592716151E-01   7.320304167766E-02   1.000000000000E+04   5.000000000000E+02   6.939810430320E-03   2.001566599590E+04   1.449728786670E+23   7.831656181000E+06
   1.033319735900E+00   1.675990279178E-04   6.935996526458E-04   6.276948974435E-01   2.982471212404E-01   7.319678263552E-02   1.000000000000E+04   5.000000000000E+02   6.939810430320E-03   2.001595923270E+04   1.449750025720E+23   7.831940956290E+06
   1.058904735900E+00   1.707088536334E-04   7.064375694804E-04   6.276975040205E-01   2.982348751946E-01   7.319047436180E-02   1.000000000000E+04   5.000000000000E+02   6.939810430320E-03   2.001625478290E+04   1.449771432340E+23   7.832227982390E+06
   1.085122735890E+00   1.738409860527E-04   7.193663991395E-04   6.277001288023E-01   2.982225423628E-01   7.318412144975E-02   1.000000000000E+04   5.000000000000E+02   6.939810430320E-03   2.001655243190E+04   1.449792990970E+23   7.832517050880E+06
   1.111989735890E+00   1.769932329865E-04   7.323770691695E-04   6.277027699474E-01   2.982101313851E-01   7.317772836536E-02   1.000000000000E+04   5.000000000000E+02   6.939810430320E-03   2.001685197100E+04   1.449814686500E+23   7.832807959060E+06
   1.139522735890E+00   1.801633314341E-04   7.454602185545E-04   6.277054255570E-01   2.981976511781E-01   7.317129971483E-02   1.000000000000E+04   5.000000000000E+02   6.939810430320E-03   2.001715318480E+04   1.449836503330E+23   7.833100497750E+06
   1.167736735890E+00   1.833486049253E-04   7.586047826442E-04   6.277080933881E-01   2.981851122807E-01   7.316484094361E-02   1.000000000000E+04   5.000000000000E+02   6.939810430320E-03   2.001745581860E+04   1.449858423000E+23   7.833394419680E+06
   1.196649735880E+00   1.865465391090E-04   7.718003683047E-04   6.277107713322E-01   2.981725245960E-01   7.315835716440E-02   1.000000000000E+04   5.000000000000E+02   6.939810430320E-03   2.001775963320E+04   1.449880428200E+23   7.833689492540E+06
   1.226278735880E+00   1.897543244324E-04   7.850353691359E-04   6.277134570351E-01   2.981598991868E-01   7.315185408449E-02   1.000000000000E+04   5.000000000000E+02   6.939810430320E-03   2.001806436140E+04   1.449902499580E+23   7.833985456900E+06
   1.256640735880E+00   1.929689787806E-04   7.982974752967E-04   6.277161480070E-01   2.981472477740E-01   7.314533776497E-02   1.000000000000E+04   5.000000000000E+02   6.939810430320E-03   2.001836971990E+04   1.449924616600E+23   7.834282037460E+06
   1.287754735880E+00   1.961875620267E-04   8.115745513367E-04   6.277188417262E-01   2.981345820588E-01   7.313881410165E-02   1.000000000000E+04   5.000000000000E+02   6.939810430320E-03   2.001867542920E+04   1.449946759040E+23   7.834578963260E+06
   1.319639735870E+00   1.994069624782E-04   8.248537522137E-04   6.277215357692E-01   2.981219139002E-01   7.313228961592E-02   1.000000000000E+04   5.000000000000E+02   6.939810430320E-03   2.001898119370E+04   1.449968905470E+23   7.834875945910E+06
   1.352313735870E+00   2.026238087664E-04   8.381211786399E-04   6.277242271251E-01   2.981092569686E-01   7.312577091884E-02   1.000000000000E+04   5.000000000000E+02   6.939810430320E-03   2.001928669330E+04   1.449991032720E+23   7.835172675770E+06
   1.385795735870E+00   2.058346817555E-04   8.513627325687E-04   6.277269130234E-01   2.980966245261E-01   7.311926503627E-02   1.000000000000E+04   5.000000000000E+02   6.939810430320E-03   2.001959160330E+04   1.450013117260E+23   7.835468836910E+06
   1.420107735870E+00   2.090363089511E-04   8.645649271100E-04   6.277295907225E-01   2.980840294543E-01   7.311277858712E-02   1.000000000000E+04   5.000000000000E+02   6.939810430320E-03   2.001989561310E+04   1.450035136600E+23   7.835764127660E+06
   1.455269735860E+00   2.122250855738E-04   8.777129105446E-04   6.277322572166E-01   2.980714859165E-01   7.310631887077E-02   1.000000000000E+04   5.000000000000E+02   6.939810430320E-03   2.002019838070E+04   1.450057065970E+23   7.836058215710E+06
   1.491301735860E+00   2.153972931141E-04   8.907913677232E-04   6.277349094053E-01   2.980590085203E-01   7.309989341355E-02   1.000000000000E+04   5.000000000000E+02   6.939810430320E-03   2.002049955330E+04   1.450078879810E+23   7.836350758350E+06
   1.528225735860E+00   2.185492878546E-04   9.037852971659E-04   6.277375442518E-01   2.980466115765E-01   7.309350958673E-02   1.000000000000E+04   5.000000000000E+02   6.939810430320E-03   2.002079878540E+04   1.450100553100E+23   7.836641419830E+06
   1.566064735850E+00   2.216774135045E-04   9.166796515666E-04   6.277401587124E-01   2.980343094386E-01   7.308717478397E-02   1.000000000000E+04   5.000000000000E+02   6.939810430320E-03   2.002109573020E+04   1.450122060730E+23   7.836929863330E+06
   1.604839735850E+00   2.247777686676E-04   9.294583775357E-04   6.277427495387E-01   2.980221174234E-01   7.308089689174E-02   1.000000000000E+04   5.000000000000E+02   6.939810430320E-03   2.002139001800E+04   1.450143375910E+23   7.837215729500E+06
   1.644574735850E+00   2.278466386047E-04   9.421061979047E-04   6.277453136407E-01   2.980100501080E-01   7.307468341476E-02   1.000000000000E+04   5.000000000000E+02   6.939810430320E-03   2.002168129680E+04   1.450164473140E+23   7.837498676310E+06
   1.685294735840E+00   2.308803321381E-04   9.546079362817E-04   6.277478479499E-01   2.979981219739E-01   7.306854180778E-02   1.000000000000E+04   5.000000000000E+02   6.939810430320E-03   2.002196921690E+04   1.450185327110E+23   7.837778363930E+06
   1.727021735840E+00   2.338749102549E-04   9.669474012603E-04   6.277503491927E-01   2.979863484729E-01   7.306248002282E-02   1.000000000000E+04   5.000000000000E+02   6.939810430320E-03   2.002225340510E+04   1.450205910780E+23   7.838054429800E+06
   1.769782735840E+00   2.368267943943E-04   9.791098915071E-04   6.277528143963E-01   2.979747436383E-01   7.305650527946E-02   1.000000000000E+04   5.000000000000E+02   6.939810430320E-03   2.002253352270E+04   1.450226199610E+23   7.838326544640E+06
   1.813601735830E+00   2.397322050652E-04   9.910798791138E-04   6.277552404238E-01   2.979633222886E-01   7.305062520344E-02   1.000000000000E+04   5.000000000000E+02   6.939810430320E-03   2.002280921190E+04   1.450246167700E+23   7.838594360680E+06
   1.858505735830E+00   2.425876035278E-04   1.002842834991E-03   6.277576243407E-01   2.979520982904E-01   7.304484693042E-02   1.000000000000E+04   5.000000000000E+02   6.939810430320E-03   2.002308013760E+04   1.450265790770E+23   7.838857552420E+06
   1.904521735830E+00   2.453894982650E-04   1.014384440614E-03   6.277599632491E-01   2.979410853309E-01   7.303917748109E-02   1.000000000000E+04   5.000000000000E+02   6.939810430320E-03   2.002334596990E+04   1.450285044930E+23   7.839115799010E+06
   1.951677735820E+00   2.481345362517E-04   1.025690925074E-03   6.277622543734E-01   2.979302965402E-01   7.303362362506E-02   1.000000000000E+04   5.000000000000E+02   6.939810430320E-03   2.002360639140E+04   1.450303907180E+23   7.839368791950E+06
   2.000000000000E+00   2.508193603027E-04   1.036748523828E-03   6.277644949323E-01   2.979197450681E-01   7.302819211554E-02   1.000000000000E+04   5.000000000000E+02   6.939810430320E-03   2.002386108460E+04   1.450322354530E+23   7.839616222750E+06
